N_Policy,Company,Category,Char,Started,Expired,District,Gross,Net,Commissions,id
85526,ALLIANZ ΕΥΡΩΠΑΙΚΗ ΠΙΣΤΗ,ΑΣΤΙΚΗΣ ΕΥΘΥΝΗΣ,NA,27/01/2017,27/01/2018,NA,52,37.68,9.42,2027
19012859150,ΙΝΤΕΡΣΑΛΟΝΙΚΑ,ΑΥΤΟΚΙΝΗΤΩΝ,ΙΖΧ4354,25/07/2017,25/10/2017,NA,66,44.71,8.94,1864
19012859150,ΙΝΤΕΡΣΑΛΟΝΙΚΑ,ΑΥΤΟΚΙΝΗΤΩΝ,ΙΖΧ4354,25/10/2017,25/04/2018,NA,129,87.63,17.53,1864
19012859150,ΙΝΤΕΡΣΑΛΟΝΙΚΑ,ΑΥΤΟΚΙΝΗΤΩΝ,ΙΖΧ4354,25/01/2017,25/07/2017,NA,139,93.74,18.75,1864
19012708806,ΙΝΤΕΡΣΑΛΟΝΙΚΑ,ΑΥΤΟΚΙΝΗΤΩΝ,ΖΖΝ2819,24/09/2017,24/03/2018,ΑΤΤΙΚΗ,129,87.28,17.46,1859
19012708806,ΙΝΤΕΡΣΑΛΟΝΙΚΑ,ΑΥΤΟΚΙΝΗΤΩΝ,ΖΖΝ2819,24/03/2017,24/09/2017,ΑΤΤΙΚΗ,129,87.28,17.46,1859
19013526395,ΙΝΤΕΡΣΑΛΟΝΙΚΑ,ΑΥΤΟΚΙΝΗΤΩΝ,ΥΡΜ3019,20/05/2017,20/05/2018,NA,235,159.06,31.81,1970
7199803529,INTERASCO,ΑΥΤΟΚΙΝΗΤΩΝ,ΗΑΚ3993,06/02/2017,06/02/2018,ΗΛΕΙΑΣ,160.53,105.39,21.08,2026
30144598,ΙΝΤΕΡΑΜΕΡΙΚΑΝ,ΑΥΤΟΚΙΝΗΤΩΝ,ΥΖΟ4029,02/10/2017,02/04/2018,ΑΤΤΙΚΗ,111.04,76.14,15.23,1891
30144598,ΙΝΤΕΡΑΜΕΡΙΚΑΝ,ΑΥΤΟΚΙΝΗΤΩΝ,ΥΖΟ4029,02/04/2017,02/10/2017,ΑΤΤΙΚΗ,108.58,74.42,14.88,1891
11115568,ΔΥΝΑΜΙΣ,ΑΥΤΟΚΙΝΗΤΩΝ,ΥΜΕ6273,09/06/2017,09/12/2017,ΑΤΤΙΚΗ,107.95,70.86,14.17,1925
31350710,ΙΝΤΕΡΑΜΕΡΙΚΑΝ,ΑΥΤΟΚΙΝΗΤΩΝ,ΥΜΕ6273,09/12/2017,09/12/2018,ΑΤΤΙΚΗ,126.46,86.29,17.26,1925
213751384,ΙΝΤΕΡΣΑΛΟΝΙΚΑ,ΑΥΤΟΚΙΝΗΤΩΝ,ΖΖΚ7207,20/11/2017,20/02/2018,ΒΟΙΩΤΙΑΣ,65,44.01,8.8,1207
213477583,ΙΝΤΕΡΣΑΛΟΝΙΚΑ,ΑΥΤΟΚΙΝΗΤΩΝ,ΥΕΥ3348,03/06/2017,03/12/2017,ΑΤΤΙΚΗ,142,96.17,19.23,1537
19012968583,ΙΝΤΕΡΣΑΛΟΝΙΚΑ,ΑΥΤΟΚΙΝΗΤΩΝ,ΥΗΤ8275,05/04/2017,05/10/2017,ΑΤΤΙΚΗ,145,98.15,19.63,167
213736234,ΙΝΤΕΡΣΑΛΟΝΙΚΑ,ΑΥΤΟΚΙΝΗΤΩΝ,ΥΜΡ5232,06/11/2017,06/05/2018,ΑΤΤΙΚΗ,142,96.17,19.23,167
19012954730,ΙΝΤΕΡΣΑΛΟΝΙΚΑ,ΑΥΤΟΚΙΝΗΤΩΝ,ΖΜΧ9746,29/09/2017,29/03/2018,NA,128,86.61,17.32,1071
19012954730,ΙΝΤΕΡΣΑΛΟΝΙΚΑ,ΑΥΤΟΚΙΝΗΤΩΝ,ΖΜΧ9746,29/03/2017,29/09/2017,NA,128,86.61,17.32,1071
6168265,GROUPAMA,ΠΥΡΟΣ,NA,11/08/2017,11/08/2018,ΑΤΤΙΚΗ,98.39,71.27,17.1,1913
P0101806450,AIG,ΑΥΤΟΚΙΝΗΤΩΝ,ΙΚΝ1811,24/02/2017,24/08/2017,ΑΤΤΙΚΗ,231.96,172.89,34.58,69
09000242017,ERGO A.A.E.Z,ΑΥΤΟΚΙΝΗΤΩΝ,ΟΕΙ545,26/08/2017,26/08/2018,ΑΤΤΙΚΗ,83,57.52,11.13,69
6177815,GROUPAMA,ΠΥΡΟΣ,NA,16/12/2017,16/06/2018,ΑΤΤΙΚΗ,75.39,54.6,12.56,2013
19012618337,ΙΝΤΕΡΣΑΛΟΝΙΚΑ,ΑΥΤΟΚΙΝΗΤΩΝ,ΖΥΝ4248,24/07/2017,24/01/2018,NA,119,80.36,16.07,1130
19012618337,ΙΝΤΕΡΣΑΛΟΝΙΚΑ,ΑΥΤΟΚΙΝΗΤΩΝ,ΖΥΝ4248,24/01/2017,24/07/2017,NA,127,85.77,17.15,1130
213539070,ΙΝΤΕΡΣΑΛΟΝΙΚΑ,ΑΥΤΟΚΙΝΗΤΩΝ,ΥΗΒ3595,28/06/2017,28/12/2017,NA,116,78.37,15.67,1981
213335040,ΙΝΤΕΡΣΑΛΟΝΙΚΑ,ΑΥΤΟΚΙΝΗΤΩΝ,ΥΟΚ1827,09/03/2017,09/06/2017,NA,67,45.51,9.1,1969
19013404003,ΙΝΤΕΡΣΑΛΟΝΙΚΑ,ΑΥΤΟΚΙΝΗΤΩΝ,ΥΟΚ1827,09/06/2017,09/09/2017,NA,67,45.51,9.1,1969
11547511,GENERALI,ΑΥΤΟΚΙΝΗΤΩΝ,ΑΤΕ8900,11/06/2017,11/06/2018,NA,170.52,116.81,23.36,1070
5200232588,EUROP  ASSISTANCE,ΟΔΙΚΗΣ ΒΟΗΘΕΙΑΣ,ΖΖΡ7655,12/06/2017,12/06/2018,ΑΧΑΪΑΣ,29,25.22,6.31,2005
P0101844431,AIG,ΑΥΤΟΚΙΝΗΤΩΝ,ΖΖΡ7655,12/06/2017,12/06/2018,ΑΧΑΪΑΣ,217.82,162.49,32.5,2005
P0101810550,AIG,ΑΥΤΟΚΙΝΗΤΩΝ,ΑΖΜ2236,17/04/2017,17/10/2017,NA,42.8,32.3,6.46,1895
P0101810550,AIG,ΑΥΤΟΚΙΝΗΤΩΝ,ΑΖΜ2236,17/10/2017,17/04/2018,NA,45.01,33.95,6.79,1895
19012947461,ΙΝΤΕΡΣΑΛΟΝΙΚΑ,ΑΥΤΟΚΙΝΗΤΩΝ,ΙΕΤ3718,23/03/2017,23/09/2017,ΑΤΤΙΚΗ,145,98.15,19.63,1278
19.21209181,INTERLIFE ΑΣΦΑΛΙΣΤΙΚΗ,ΑΥΤΟΚΙΝΗΤΩΝ,ΥΧΥ0059,30/11/2017,30/05/2018,ΑΤΤΙΚΗ,45.46,31.27,6.57,1278
11423329,GENERALI,ΖΩΗΣ,NA,24/08/2017,24/08/2018,ΑΤΤΙΚΗ,231.62,185.04,29.44,1278
294824,DAS,ΝΟΜΙΚΗΣ ΠΡΟΣΤΑΣΙΑΣ,ΙΕΤ 3718,23/09/2017,23/09/2018,ΑΤΤΙΚΗ,23,17.78,5.33,1278
P0124031824,AIG,ΑΥΤΟΚΙΝΗΤΩΝ,ΥΜΜ5071,01/07/2017,01/07/2018,ΤΡΙΠΟΛΗΣ,181.34,135,27,1233
213566502,ΙΝΤΕΡΣΑΛΟΝΙΚΑ,ΑΥΤΟΚΙΝΗΤΩΝ,ΥΕΥ3372,07/07/2017,07/08/2017,NA,24,15.65,3.13,1971
19013635461,ΙΝΤΕΡΣΑΛΟΝΙΚΑ,ΑΥΤΟΚΙΝΗΤΩΝ,ΥΕΥ3372,07/08/2017,07/09/2017,NA,24,15.65,3.13,1971
50859404,ΕΘΝΙΚΗ Ασφαλιστική,ΑΥΤΟΚΙΝΗΤΩΝ,ΙΜΥ5918,28/07/2017,28/01/2018,ΑΤΤΙΚΗ,220.53,157.35,36.19,1912
50859404,ΕΘΝΙΚΗ Ασφαλιστική,ΑΥΤΟΚΙΝΗΤΩΝ,ΙΜΥ5918,28/01/2017,28/07/2017,ΑΤΤΙΚΗ,220.53,157.35,36.19,1912
50859404,ΕΘΝΙΚΗ Ασφαλιστική,ΟΔΙΚΗΣ ΒΟΗΘΕΙΑΣ,ΙΜΥ5918,28/07/2017,28/01/2018,ΑΤΤΙΚΗ,1.83,1.59,0.11,1912
50859404,ΕΘΝΙΚΗ Ασφαλιστική,ΟΔΙΚΗΣ ΒΟΗΘΕΙΑΣ,ΙΜΥ5918,28/01/2017,28/07/2017,ΑΤΤΙΚΗ,1.83,1.59,0.11,1912
1348970,ΑΤΛΑΝΤΙΚΗ ΕΝΩΣΗ,ΑΥΤΟΚΙΝΗΤΩΝ,ΙΤΜ7704,06/07/2017,06/07/2018,ΑΤΤΙΚΗ,211.5,142.76,28.55,1950
213442201,ΙΝΤΕΡΣΑΛΟΝΙΚΑ,ΑΥΤΟΚΙΝΗΤΩΝ,ΙΖΜ8220,11/05/2017,11/11/2017,NA,142,96.17,19.23,763
19013511162,ΙΝΤΕΡΣΑΛΟΝΙΚΑ,ΑΥΤΟΚΙΝΗΤΩΝ,ΙΖΜ8220,11/11/2017,11/05/2018,NA,142,96.17,19.23,763
7199818214,INTERASCO,ΑΥΤΟΚΙΝΗΤΩΝ,ΙΗΗ6067,12/09/2017,12/09/2018,ΑΤΤΙΚΗ,186.63,122.52,16.19,575
31148345,ΙΝΤΕΡΑΜΕΡΙΚΑΝ,ΑΥΤΟΚΙΝΗΤΩΝ,ΖΧΒ7275,30/10/2017,30/04/2018,ΑΤΤΙΚΗ,122.54,83.88,16.78,1928
31148345,ΙΝΤΕΡΑΜΕΡΙΚΑΝ,ΑΥΤΟΚΙΝΗΤΩΝ,ΖΧΒ7275,30/04/2017,30/10/2017,ΑΤΤΙΚΗ,123.31,84.42,16.88,1928
11596339,GENERALI,ΑΥΤΟΚΙΝΗΤΩΝ,ΒΕ8515,27/10/2017,27/10/2018,ΑΤΤΙΚΗ,58.37,39.81,7.96,606
59767186,ΕΘΝΙΚΗ Ασφαλιστική,ΑΥΤΟΚΙΝΗΤΩΝ,ΙΒΤ7153,08/08/2017,08/02/2018,ΑΤΤΙΚΗ,133.5,95.2,21.9,691
59767186,ΕΘΝΙΚΗ Ασφαλιστική,ΟΔΙΚΗΣ ΒΟΗΘΕΙΑΣ,ΙΒΤ7153,08/08/2017,08/02/2018,ΑΤΤΙΚΗ,20.91,18.18,1.27,691
5014206,Eurolife FFH,ΑΥΤΟΚΙΝΗΤΩΝ,ΙΒΤ7153,08/02/2017,08/08/2017,ΑΤΤΙΚΗ,152.24,104.63,20.93,691
31144764,ΙΝΤΕΡΑΜΕΡΙΚΑΝ,ΑΥΤΟΚΙΝΗΤΩΝ,ΙΖΗ4095,01/05/2017,01/11/2017,ΑΤΤΙΚΗ,104.64,71.7,14.34,1878
31144764,ΙΝΤΕΡΑΜΕΡΙΚΑΝ,ΑΥΤΟΚΙΝΗΤΩΝ,ΙΖΗ4095,01/11/2017,01/05/2018,ΑΤΤΙΚΗ,114.67,78.58,15.72,1878
19013229808,ΙΝΤΕΡΣΑΛΟΝΙΚΑ,ΑΥΤΟΚΙΝΗΤΩΝ,ΥΧΡ8442,09/04/2017,09/10/2017,ΑΤΤΙΚΗ,154,103.88,20.78,1884
213711834,ΙΝΤΕΡΣΑΛΟΝΙΚΑ,ΑΥΤΟΚΙΝΗΤΩΝ,ΥΧΡ8442,17/10/2017,17/04/2018,ΑΤΤΙΚΗ,151,102.31,20.46,1884
7190051443,PRIME INSURANCE,ΑΥΤΟΚΙΝΗΤΩΝ,ΝΖΒ8395,14/06/2017,14/12/2017,NA,93.43,63.44,12.69,496
213778435,ΙΝΤΕΡΣΑΛΟΝΙΚΑ,ΑΥΤΟΚΙΝΗΤΩΝ,ΝΖΒ8395,14/12/2017,14/03/2018,NA,68,46.03,9.21,496
5020395,Eurolife FFH,ΑΥΤΟΚΙΝΗΤΩΝ,ΖΜΒ8137,04/03/2017,04/06/2017,NA,60.77,41.59,8.32,1870
5020395,Eurolife FFH,ΑΥΤΟΚΙΝΗΤΩΝ,ΖΜΒ8137,04/06/2017,04/09/2017,NA,60.77,41.59,8.32,1870
5020395,Eurolife FFH,ΑΥΤΟΚΙΝΗΤΩΝ,ΖΜΒ8137,04/09/2017,04/12/2017,NA,60.74,41.56,8.31,1870
31619084409,ΑΓΡΟΤΙΚΗ ΑΣΦΑΛΙΣΤΙΚΗ,ΑΥΤΟΚΙΝΗΤΩΝ,ΜΥΕ8352,17/03/2017,17/06/2017,ΛΕΣΒΟΥ,40.68,27.78,5.56,1018
7190083944,PRIME INSURANCE,ΑΥΤΟΚΙΝΗΤΩΝ,ΜΥΕ8352,18/12/2017,18/03/2018,ΛΕΣΒΟΥ,39.26,26.68,5.34,1018
09000113827,ERGO A.A.E.Z,ΑΥΤΟΚΙΝΗΤΩΝ,ΜΥΕ8352,17/06/2017,17/09/2017,ΛΕΣΒΟΥ,42,27.94,6.09,1018
09000331158,ERGO A.A.E.Z,ΑΥΤΟΚΙΝΗΤΩΝ,ΜΥΕ8352,18/09/2017,18/12/2017,ΛΕΣΒΟΥ,42,28.08,6.12,1018
31331486,ΙΝΤΕΡΑΜΕΡΙΚΑΝ,ΑΥΤΟΚΙΝΗΤΩΝ,ΙΒΜ3676,06/12/2017,06/12/2018,NA,183.85,125.99,25.2,1920
7179800187,INTERASCO,ΠΥΡΟΣ,NA,01/01/2017,01/01/2018,NA,141.85,95.8,24.91,1920
8170006892,ΕΥΡΩΠΗ ΑΕΓΑ,ΠΥΡΟΣ,NA,31/12/2017,31/12/2018,NA,100.61,69.69,16.38,1920
31276349,ΙΝΤΕΡΑΜΕΡΙΚΑΝ,ΑΥΤΟΚΙΝΗΤΩΝ,ΟΑΜ132,13/09/2017,13/09/2018,NA,88.57,60.93,12.19,1920
19.21180013,INTERLIFE ΑΣΦΑΛΙΣΤΙΚΗ,ΑΥΤΟΚΙΝΗΤΩΝ,ΑΙΒ5979,23/10/2017,23/10/2018,ΑΙΤΩΛΟΚΑΡΝΑΝΙΑ,208.06,143.59,30.15,1965
7199723589,INTERASCO,ΑΥΤΟΚΙΝΗΤΩΝ,ΜΥΖ8585,12/12/2017,12/12/2018,ΛΕΣΒΟΥ,138.22,90.79,18.16,621
19012682182,ΙΝΤΕΡΣΑΛΟΝΙΚΑ,ΑΥΤΟΚΙΝΗΤΩΝ,ΖΗΤ7017,07/09/2017,07/03/2018,NA,132,89.66,17.93,30
19012682182,ΙΝΤΕΡΣΑΛΟΝΙΚΑ,ΑΥΤΟΚΙΝΗΤΩΝ,ΖΗΤ7017,07/03/2017,07/09/2017,NA,140,95.1,19.02,30
5017083,Eurolife FFH,ΑΥΤΟΚΙΝΗΤΩΝ,ΥΜΟ8029,19/02/2017,19/08/2017,ΑΤΤΙΚΗ,142.08,97.63,19.53,1991
31229540,ΙΝΤΕΡΑΜΕΡΙΚΑΝ,ΑΥΤΟΚΙΝΗΤΩΝ,ΥΜΟ8029,19/08/2017,19/08/2018,ΑΤΤΙΚΗ,253.54,173.82,34.76,1991
30591690,ΙΝΤΕΡΑΜΕΡΙΚΑΝ,ΑΥΤΟΚΙΝΗΤΩΝ,ΑΙΜ7512,24/01/2017,24/07/2017,NA,108.84,74.56,14.91,1894
30591690,ΙΝΤΕΡΑΜΕΡΙΚΑΝ,ΑΥΤΟΚΙΝΗΤΩΝ,ΑΙΜ7512,24/07/2017,24/07/2018,NA,197.44,135.24,27.05,1894
30457374,ΙΝΤΕΡΑΜΕΡΙΚΑΝ,ΑΥΤΟΚΙΝΗΤΩΝ,ΑΙΜ2627,05/09/2017,05/03/2018,NA,145.85,99.99,20,1894
19013743844,ΙΝΤΕΡΣΑΛΟΝΙΚΑ,ΑΥΤΟΚΙΝΗΤΩΝ,ΑΙΥ0026,21/09/2017,21/09/2018,NA,60,40.64,8.13,1894
30613234,ΙΝΤΕΡΑΜΕΡΙΚΑΝ,ΠΥΡΟΣ,NA,12/01/2017,12/01/2018,NA,84.78,63.86,16.6,1894
30457374,ΙΝΤΕΡΑΜΕΡΙΚΑΝ,ΑΥΤΟΚΙΝΗΤΩΝ,ΑΙΜ2627,05/03/2017,05/09/2017,NA,157.03,107.59,21.52,1894
213644780,ΙΝΤΕΡΣΑΛΟΝΙΚΑ,ΑΥΤΟΚΙΝΗΤΩΝ,ΥΧΗ6187,25/08/2017,25/02/2018,ΑΤΤΙΚΗ,129,87.28,17.46,213
31294198,ΙΝΤΕΡΑΜΕΡΙΚΑΝ,ΑΥΤΟΚΙΝΗΤΩΝ,ΖΖΖ9490,05/10/2017,05/04/2018,ΑΤΤΙΚΗ,99.24,68.04,13.61,1860
19012716210,ΙΝΤΕΡΣΑΛΟΝΙΚΑ,ΑΥΤΟΚΙΝΗΤΩΝ,ΖΖΖ9490,05/04/2017,05/10/2017,ΑΤΤΙΚΗ,129,87.28,17.46,1860
7199801829,INTERASCO,ΑΥΤΟΚΙΝΗΤΩΝ,ΙΜΜ1627,18/01/2017,18/01/2018,ΑΤΤΙΚΗ,296.22,195.01000000000002,39,1124
11458633,GENERALI,ΑΣΤΙΚΗΣ ΕΥΘΥΝΗΣ,NA,08/11/2017,08/11/2018,ΑΤΤΙΚΗ,146.51,110.78,22.16,1843
7190046181,PRIME INSURANCE,ΑΥΤΟΚΙΝΗΤΩΝ,ΧΑΚ9658,27/04/2017,27/10/2017,ΑΙΤΩΛΟΚΑΡΝΑΝΙΑ,80.23,54.5,10.9,223
5038828,Eurolife FFH,ΑΥΤΟΚΙΝΗΤΩΝ,ΡΖΚ1767,01/06/2017,01/12/2017,ΑΙΤΩΛΟΚΑΡΝΑΝΙΑ,107.66,73.97,14.79,223
19.210703609999999,INTERLIFE ΑΣΦΑΛΙΣΤΙΚΗ,ΑΥΤΟΚΙΝΗΤΩΝ,ΟΗΒ269,06/07/2017,06/10/2017,NA,22.93,15.78,3.31,1006
7190054686,PRIME INSURANCE,ΑΥΤΟΚΙΝΗΤΩΝ,ΑΧΧ9676,30/06/2017,30/12/2017,ΑΧΑΪΑΣ,85.05,57.77,11.55,2000
31366819,ΙΝΤΕΡΑΜΕΡΙΚΑΝ,ΑΥΤΟΚΙΝΗΤΩΝ,ΑΧΧ9676,30/12/2017,30/12/2018,ΑΧΑΪΑΣ,145.56,99.88,19.98,2000
19.211521220000002,INTERLIFE ΑΣΦΑΛΙΣΤΙΚΗ,ΑΥΤΟΚΙΝΗΤΩΝ,ΒΗΚ665,23/09/2017,23/09/2018,ΑΤΤΙΚΗ,157.96,109.01,22.89,827
31344423,ΙΝΤΕΡΑΜΕΡΙΚΑΝ,ΑΥΤΟΚΙΝΗΤΩΝ,ΥΝΝ3290,06/12/2017,06/12/2018,ΑΤΤΙΚΗ,307.44,210.86,42.17,827
19.211930330000001,INTERLIFE ΑΣΦΑΛΙΣΤΙΚΗ,ΑΥΤΟΚΙΝΗΤΩΝ,ΙΟΥ286,07/11/2017,07/05/2018,NA,45.46,31.27,6.57,562
7190049071,PRIME INSURANCE,ΑΥΤΟΚΙΝΗΤΩΝ,ΙΟΜ399,01/06/2017,01/06/2018,ΑΤΤΙΚΗ,80.39,54.89,10.98,1000
30604914,ΙΝΤΕΡΑΜΕΡΙΚΑΝ,ΑΥΤΟΚΙΝΗΤΩΝ,ΙΗΗ1030,30/01/2017,30/04/2017,ΑΤΤΙΚΗ,76.53,52.44,10.49,1897
30604914,ΙΝΤΕΡΑΜΕΡΙΚΑΝ,ΑΥΤΟΚΙΝΗΤΩΝ,ΙΗΗ1030,30/04/2017,30/07/2017,ΑΤΤΙΚΗ,84.76,58.06,11.61,1897
30604914,ΙΝΤΕΡΑΜΕΡΙΚΑΝ,ΑΥΤΟΚΙΝΗΤΩΝ,ΙΗΗ1030,30/07/2017,30/07/2018,ΑΤΤΙΚΗ,292.08,200.14,40.03,1897
7190071870,PRIME INSURANCE,ΑΥΤΟΚΙΝΗΤΩΝ,ΑΙΚ2376,24/09/2017,24/03/2018,NA,105.43,71.77,14.35,128
ΡΠ7131,ΣΥΝΕΤΑΙΡΙΣΤΙΚΗ,ΑΥΤΟΚΙΝΗΤΩΝ,ΗΝΑ3138,06/05/2017,06/11/2017,ΑΙΤΩΛΟΚΑΡΝΑΝΙΑ,123.5,85.44,17.09,2029
ΡΧ2587,ΣΥΝΕΤΑΙΡΙΣΤΙΚΗ,ΑΥΤΟΚΙΝΗΤΩΝ,ΗΝΑ3138,06/11/2017,06/05/2018,ΑΙΤΩΛΟΚΑΡΝΑΝΙΑ,124,85.44,17.09,2029
9190003644,ΕΥΡΩΠΗ ΑΕΓΑ,ΑΥΤΟΚΙΝΗΤΩΝ,ΕΜΕ3205,22/08/2017,22/08/2018,ΝΑΞΟΥ,145.43,97.34,21.04,67
7190045832,PRIME INSURANCE,ΑΥΤΟΚΙΝΗΤΩΝ,ΑΖΖ0558,21/04/2017,21/10/2017,ΛΕΣΒΟΥ,34.37,23.4,4.68,2018
213402108,ΙΝΤΕΡΣΑΛΟΝΙΚΑ,ΑΥΤΟΚΙΝΗΤΩΝ,ΜΥΜ0314,20/04/2017,20/10/2017,ΛΕΣΒΟΥ,35,23.23,4.65,1906
11123149,ΔΥΝΑΜΙΣ,ΑΥΤΟΚΙΝΗΤΩΝ,ΒΧ6129,06/07/2017,06/01/2018,NA,128.11,84.08,16.82,1935
59226563,ΕΘΝΙΚΗ Ασφαλιστική,ΟΔΙΚΗΣ ΒΟΗΘΕΙΑΣ,ΙΒΥ2506,25/04/2017,25/07/2017,ΑΤΤΙΚΗ,10.45,9.09,0.64,2006
59226563,ΕΘΝΙΚΗ Ασφαλιστική,ΟΔΙΚΗΣ ΒΟΗΘΕΙΑΣ,ΙΒΥ2506,25/07/2017,25/10/2017,ΑΤΤΙΚΗ,10.45,9.09,0.64,2006
59226563,ΕΘΝΙΚΗ Ασφαλιστική,ΑΥΤΟΚΙΝΗΤΩΝ,ΙΒΥ2506,25/07/2017,25/10/2017,ΑΤΤΙΚΗ,67.69,48.2,11.09,2006
59226563,ΕΘΝΙΚΗ Ασφαλιστική,ΟΔΙΚΗΣ ΒΟΗΘΕΙΑΣ,ΙΒΥ2506,25/01/2017,25/04/2017,ΑΤΤΙΚΗ,10.45,9.09,0.64,2006
59226563,ΕΘΝΙΚΗ Ασφαλιστική,ΟΔΙΚΗΣ ΒΟΗΘΕΙΑΣ,ΙΒΥ2506,25/10/2017,25/01/2018,ΑΤΤΙΚΗ,10.45,9.09,0.64,2006
59226563,ΕΘΝΙΚΗ Ασφαλιστική,ΑΥΤΟΚΙΝΗΤΩΝ,ΙΒΥ2506,25/10/2017,25/01/2018,ΑΤΤΙΚΗ,67.69,48.2,11.09,2006
59226563,ΕΘΝΙΚΗ Ασφαλιστική,ΑΥΤΟΚΙΝΗΤΩΝ,ΙΒΥ2506,25/04/2017,25/07/2017,ΑΤΤΙΚΗ,67.69,48.2,11.09,2006
59226563,ΕΘΝΙΚΗ Ασφαλιστική,ΑΥΤΟΚΙΝΗΤΩΝ,ΙΒΥ2506,25/01/2017,25/04/2017,ΑΤΤΙΚΗ,67.69,48.2,11.09,2006
31372217,ΙΝΤΕΡΑΜΕΡΙΚΑΝ,ΑΥΤΟΚΙΝΗΤΩΝ,ΙΒΕ4873,31/12/2017,31/12/2018,ΑΤΤΙΚΗ,259.6,177.93,35.59,2002
7190070241,PRIME INSURANCE,ΑΥΤΟΚΙΝΗΤΩΝ,ΥΖΥ2340,15/09/2017,15/03/2018,NA,89.14,60.85,12.17,405
213275289,ΙΝΤΕΡΣΑΛΟΝΙΚΑ,ΑΥΤΟΚΙΝΗΤΩΝ,ΥΝΥ6726,20/01/2017,20/04/2017,NA,60,40.17,8.03,1967
19013344253,ΙΝΤΕΡΣΑΛΟΝΙΚΑ,ΑΥΤΟΚΙΝΗΤΩΝ,ΥΝΥ6726,20/04/2017,20/07/2017,NA,60,40.17,8.03,1967
19013561740,ΙΝΤΕΡΣΑΛΟΝΙΚΑ,ΑΥΤΟΚΙΝΗΤΩΝ,ΥΜΤ8099,08/06/2017,08/12/2017,ΑΤΤΙΚΗ,27.01,18.55,3.71,26
31339175,ΙΝΤΕΡΑΜΕΡΙΚΑΝ,ΑΥΤΟΚΙΝΗΤΩΝ,ΥΜΤ8099,08/12/2017,08/06/2018,ΑΤΤΙΚΗ,126.41,86.53,17.31,26
213492781,ΙΝΤΕΡΣΑΛΟΝΙΚΑ,ΑΥΤΟΚΙΝΗΤΩΝ,ΥΜΤ8099,08/06/2017,08/12/2017,ΑΤΤΙΚΗ,156,105.85,21.17,26
213319528,ΙΝΤΕΡΣΑΛΟΝΙΚΑ,ΑΥΤΟΚΙΝΗΤΩΝ,ΙΤΟ9988,01/03/2017,01/06/2017,NA,72,48.97,9.79,705
19012675601,ΙΝΤΕΡΣΑΛΟΝΙΚΑ,ΑΥΤΟΚΙΝΗΤΩΝ,ΥΖΡ2746,09/03/2017,09/09/2017,ΑΤΤΙΚΗ,142,96.17,19.23,84
19012675601,ΙΝΤΕΡΣΑΛΟΝΙΚΑ,ΑΥΤΟΚΙΝΗΤΩΝ,ΥΖΡ2746,09/09/2017,09/03/2018,ΑΤΤΙΚΗ,134,90.64,18.13,84
6174727,GROUPAMA,ΠΥΡΟΣ,NA,25/07/2017,25/07/2018,ΑΤΤΙΚΗ,123.96,89.78,21.55,2010
P0124113833,AIG,ΑΥΤΟΚΙΝΗΤΩΝ,ΙΟΜ3498,21/12/2017,21/12/2018,ΑΤΤΙΚΗ,211.38,157.6,31.52,2010
1967849,Eurolife FFH,ΑΥΤΟΚΙΝΗΤΩΝ,ΖΚΙ9519,24/04/2017,24/07/2017,ΑΤΤΙΚΗ,62.55,42.87,8.57,1342
31235916,ΙΝΤΕΡΑΜΕΡΙΚΑΝ,ΑΥΤΟΚΙΝΗΤΩΝ,ΖΚΙ9519,24/07/2017,24/01/2018,ΑΤΤΙΚΗ,61.68,42.22,8.44,1342
1967849,Eurolife FFH,ΑΥΤΟΚΙΝΗΤΩΝ,ΖΚΙ9519,24/01/2017,24/04/2017,ΑΤΤΙΚΗ,63.84,43.73,8.31,1342
11488540,GENERALI,ΖΩΗΣ,NA,18/05/2017,18/06/2017,ΑΤΤΙΚΗ,44.3,35.55,8.23,1019
11488540,GENERALI,ΖΩΗΣ,NA,18/04/2017,18/05/2017,ΑΤΤΙΚΗ,44.3,35.55,8.23,1019
11488540,GENERALI,ΖΩΗΣ,NA,18/01/2017,18/02/2017,ΑΤΤΙΚΗ,44.3,35.58,8.24,1019
11488540,GENERALI,ΖΩΗΣ,NA,18/02/2017,18/03/2017,ΑΤΤΙΚΗ,44.3,35.55,8.23,1019
11488540,GENERALI,ΖΩΗΣ,NA,18/11/2017,18/12/2017,ΑΤΤΙΚΗ,44.3,35.55,8.76,1019
11488540,GENERALI,ΖΩΗΣ,NA,18/12/2017,18/01/2018,ΑΤΤΙΚΗ,47.48,38.059999999999995,9.37,1019
11488540,GENERALI,ΖΩΗΣ,NA,18/10/2017,18/11/2017,ΑΤΤΙΚΗ,44.3,35.55,8.76,1019
11488540,GENERALI,ΖΩΗΣ,NA,18/07/2017,18/08/2017,ΑΤΤΙΚΗ,44.3,35.55,8.76,1019
11488540,GENERALI,ΖΩΗΣ,NA,18/06/2017,18/07/2017,ΑΤΤΙΚΗ,44.3,35.55,8.23,1019
11488540,GENERALI,ΖΩΗΣ,NA,18/03/2017,18/04/2017,ΑΤΤΙΚΗ,44.3,35.55,8.23,1019
11488540,GENERALI,ΖΩΗΣ,NA,18/08/2017,18/09/2017,ΑΤΤΙΚΗ,44.3,35.55,8.76,1019
11488540,GENERALI,ΖΩΗΣ,NA,18/09/2017,18/10/2017,ΑΤΤΙΚΗ,44.3,35.55,8.76,1019
7190061052,PRIME INSURANCE,ΑΥΤΟΚΙΝΗΤΩΝ,ΥΗΙ5768,17/07/2017,17/07/2018,ΑΤΤΙΚΗ,189.54,128.69,25.74,672
213741302,ΙΝΤΕΡΣΑΛΟΝΙΚΑ,ΑΥΤΟΚΙΝΗΤΩΝ,ΚΡΗ8299,12/11/2017,12/11/2018,ΑΤΤΙΚΗ,230,155.61,31.12,227
213419913,ΙΝΤΕΡΣΑΛΟΝΙΚΑ,ΑΥΤΟΚΙΝΗΤΩΝ,ΥΚΙ1205,01/05/2017,01/08/2017,ΑΤΤΙΚΗ,57,38.43,7.69,89
19013488874,ΙΝΤΕΡΣΑΛΟΝΙΚΑ,ΑΥΤΟΚΙΝΗΤΩΝ,ΥΚΙ1205,01/08/2017,01/11/2017,ΑΤΤΙΚΗ,57,38.43,7.69,89
7199804044,INTERASCO,ΑΥΤΟΚΙΝΗΤΩΝ,ΙΡΥ4421,10/02/2017,10/02/2018,NA,265.02,174.61,34.92,392
19013780784,ΙΝΤΕΡΣΑΛΟΝΙΚΑ,ΑΥΤΟΚΙΝΗΤΩΝ,ΥΧΡ8442,17/10/2017,17/04/2018,NA,11.57,7.84,1.57,182
213792122,ΙΝΤΕΡΣΑΛΟΝΙΚΑ,ΑΥΤΟΚΙΝΗΤΩΝ,ΖΧΑ1107,23/12/2017,23/12/2018,NA,234,158.75,31.75,280
7119600365,INTERASCO,ΖΩΗΣ,NA,02/03/2017,02/06/2017,ΑΤΤΙΚΗ,117.3,85.9,19.89,1862
7119600365,INTERASCO,ΖΩΗΣ,NA,02/12/2017,02/03/2018,ΑΤΤΙΚΗ,117.34,85.95,19.9,1862
7119600365,INTERASCO,ΖΩΗΣ,NA,02/09/2017,02/12/2017,ΑΤΤΙΚΗ,117.3,85.9,19.89,1862
7119600365,INTERASCO,ΖΩΗΣ,NA,02/06/2017,02/09/2017,ΑΤΤΙΚΗ,117.3,85.9,19.89,1862
7199803689,INTERASCO,ΑΥΤΟΚΙΝΗΤΩΝ,ΙΗΝ9637,08/02/2017,08/02/2018,ΑΤΤΙΚΗ,194.45,127.66,25.53,1862
19013037364,ΙΝΤΕΡΣΑΛΟΝΙΚΑ,ΑΥΤΟΚΙΝΗΤΩΝ,ΖΖΟ2671,25/05/2017,25/11/2017,ΑΤΤΙΚΗ,140,94.66,18.93,994
19012677872,ΙΝΤΕΡΣΑΛΟΝΙΚΑ,ΑΥΤΟΚΙΝΗΤΩΝ,ΙΖΕ1349,05/03/2017,05/09/2017,ΑΤΤΙΚΗ,142,96.17,19.23,630
11500816,GENERALI,ΖΩΗΣ,NA,14/08/2017,14/09/2017,ΑΤΤΙΚΗ,79.49,62.87,10.66,630
11500816,GENERALI,ΖΩΗΣ,NA,14/04/2017,14/05/2017,ΑΤΤΙΚΗ,79.49,62.87,10.66,630
11500816,GENERALI,ΖΩΗΣ,NA,14/05/2017,14/06/2017,ΑΤΤΙΚΗ,79.49,62.87,10.66,630
11500816,GENERALI,ΖΩΗΣ,NA,14/03/2017,14/04/2017,ΑΤΤΙΚΗ,79.49,62.87,10.66,630
11500816,GENERALI,ΖΩΗΣ,NA,14/06/2017,14/07/2017,ΑΤΤΙΚΗ,79.49,62.87,10.66,630
11500816,GENERALI,ΖΩΗΣ,NA,14/02/2017,14/03/2017,ΑΤΤΙΚΗ,114.22,62.87,10.66,630
11500816,GENERALI,ΖΩΗΣ,NA,14/12/2017,14/01/2018,ΑΤΤΙΚΗ,79.49,62.87,10.67,630
11500816,GENERALI,ΖΩΗΣ,NA,14/07/2017,14/08/2017,ΑΤΤΙΚΗ,79.49,62.87,10.66,630
11500816,GENERALI,ΖΩΗΣ,NA,14/09/2017,14/10/2017,ΑΤΤΙΚΗ,79.49,62.87,10.66,630
11500816,GENERALI,ΖΩΗΣ,NA,14/10/2017,14/11/2017,ΑΤΤΙΚΗ,79.5,62.879999999999995,10.66,630
11500816,GENERALI,ΖΩΗΣ,NA,14/11/2017,14/12/2017,ΑΤΤΙΚΗ,79.49,62.87,10.69,630
19012677872,ΙΝΤΕΡΣΑΛΟΝΙΚΑ,ΑΥΤΟΚΙΝΗΤΩΝ,ΙΖΕ1349,05/09/2017,05/03/2018,ΑΤΤΙΚΗ,134,90.64,18.13,630
19013391878,ΙΝΤΕΡΣΑΛΟΝΙΚΑ,ΑΥΤΟΚΙΝΗΤΩΝ,ΥΗΧ1225,02/06/2017,02/09/2017,NA,66,44.53,8.91,1968
19013391878,ΙΝΤΕΡΣΑΛΟΝΙΚΑ,ΑΥΤΟΚΙΝΗΤΩΝ,ΥΗΧ1225,02/09/2017,02/12/2017,NA,66,44.53,8.91,1968
213322915,ΙΝΤΕΡΣΑΛΟΝΙΚΑ,ΑΥΤΟΚΙΝΗΤΩΝ,ΥΗΧ1225,02/03/2017,02/06/2017,NA,66,44.53,8.91,1968
213756953,ΙΝΤΕΡΣΑΛΟΝΙΚΑ,ΑΥΤΟΚΙΝΗΤΩΝ,ΗΚΚ3758,26/11/2017,26/02/2018,ΑΤΤΙΚΗ,65,43.76,8.75,7
31619053785,ΑΓΡΟΤΙΚΗ ΑΣΦΑΛΙΣΤΙΚΗ,ΑΥΤΟΚΙΝΗΤΩΝ,ΙΗΑ0395,22/03/2017,22/06/2017,ΑΤΤΙΚΗ,48.62,33.2,6.64,1904
320753,ALPHA EUROSTATUS ,ΑΥΤΟΚΙΝΗΤΩΝ,ΕΚΑ6321,22/02/2017,22/05/2017,ΑΤΤΙΚΗ,257.24,164.52,11.52,1904
320753,ALPHA EUROSTATUS ,ΑΥΤΟΚΙΝΗΤΩΝ,ΕΚΑ6321,22/05/2017,22/08/2017,ΑΤΤΙΚΗ,257.24,164.52,11.52,1904
09000132447,ERGO A.A.E.Z,ΑΥΤΟΚΙΝΗΤΩΝ,ΙΗΑ395,22/06/2017,22/09/2017,ΑΤΤΙΚΗ,50,33.79,6.66,1904
320753,ALPHA EUROSTATUS ,ΑΥΤΟΚΙΝΗΤΩΝ,ΕΚΑ6321,22/08/2017,22/11/2017,ΑΤΤΙΚΗ,257.24,164.52,11.52,1904
09000333924,ERGO A.A.E.Z,ΑΥΤΟΚΙΝΗΤΩΝ,ΙΗΑ395,24/09/2017,24/12/2017,ΑΤΤΙΚΗ,50,33.79,6.66,1904
09000333924,ERGO A.A.E.Z,ΑΥΤΟΚΙΝΗΤΩΝ,ΙΗΑ395,24/12/2017,24/03/2018,ΑΤΤΙΚΗ,50,33.79,6.66,1904
293644,DAS,ΝΟΜΙΚΗΣ ΠΡΟΣΤΑΣΙΑΣ,ΖΜΟ 3132,10/05/2017,10/05/2018,ΑΤΤΙΚΗ,23,17.78,5.33,1988
19013096186,ΙΝΤΕΡΣΑΛΟΝΙΚΑ,ΑΥΤΟΚΙΝΗΤΩΝ,ΥΚΟ5689,27/03/2017,27/09/2017,NA,127,85.77,17.15,635
19013096186,ΙΝΤΕΡΣΑΛΟΝΙΚΑ,ΑΥΤΟΚΙΝΗΤΩΝ,ΥΚΟ5689,27/09/2017,27/03/2018,NA,127,85.77,17.15,635
31344789,ΙΝΤΕΡΑΜΕΡΙΚΑΝ,ΑΥΤΟΚΙΝΗΤΩΝ,ΡΝΑ8037,17/12/2017,17/06/2018,ΑΤΤΙΚΗ,138.04,94.59,18.92,1998
2174008592,ΕΥΡΩΠΗ ΑΕΓΑ,ΠΥΡΟΣ,NA,02/09/2017,02/09/2018,ΑΤΤΙΚΗ,260.08,180.15,42.34,421
02042298732,ERGO A.A.E.Z,ΑΥΤΟΚΙΝΗΤΩΝ,ΡΙΜ5872,22/09/2017,22/12/2017,ΛΕΣΒΟΥ,11,7.5,1.65,1852
6190812148,ΥΔΡΟΓΕΙΟΣ,ΑΥΤΟΚΙΝΗΤΩΝ,ΜΤΙ309,23/09/2017,23/12/2017,ΛΕΣΒΟΥ,19,11.95,2.11,1852
19.21039498,INTERLIFE ΑΣΦΑΛΙΣΤΙΚΗ,ΑΥΤΟΚΙΝΗΤΩΝ,ΜΤΙ312,22/06/2017,22/09/2017,ΛΕΣΒΟΥ,32.64,22.44,4.71,1852
9190759127,ΥΔΡΟΓΕΙΟΣ,ΑΥΤΟΚΙΝΗΤΩΝ,ΜΤΙ309,23/06/2017,23/09/2017,ΛΕΣΒΟΥ,19,11.95,2.11,1852
11117992,ΔΥΝΑΜΙΣ,ΑΥΤΟΚΙΝΗΤΩΝ,ΡΙΜ5872,21/06/2017,21/09/2017,ΛΕΣΒΟΥ,12.99,8.38,1.68,1852
19.21039498,INTERLIFE ΑΣΦΑΛΙΣΤΙΚΗ,ΑΥΤΟΚΙΝΗΤΩΝ,ΜΤΙ312,22/09/2017,22/12/2017,ΛΕΣΒΟΥ,34.16,23.48,4.93,1852
59531855,ΕΘΝΙΚΗ Ασφαλιστική,ΟΔΙΚΗΣ ΒΟΗΘΕΙΑΣ,ΥΗΕ502,30/05/2017,30/08/2017,ΑΤΤΙΚΗ,0.92,0.8,0.06,1143
59531855,ΕΘΝΙΚΗ Ασφαλιστική,ΑΥΤΟΚΙΝΗΤΩΝ,ΥΗΕ502,30/08/2017,30/11/2017,ΑΤΤΙΚΗ,46.59,33.13,7.62,1143
59531855,ΕΘΝΙΚΗ Ασφαλιστική,ΟΔΙΚΗΣ ΒΟΗΘΕΙΑΣ,ΥΗΕ502,30/08/2017,30/11/2017,ΑΤΤΙΚΗ,0.92,0.8,0.06,1143
59531855,ΕΘΝΙΚΗ Ασφαλιστική,ΑΥΤΟΚΙΝΗΤΩΝ,ΥΗΕ502,30/05/2017,30/08/2017,ΑΤΤΙΚΗ,46.59,33.13,7.62,1143
7190045179,PRIME INSURANCE,ΑΥΤΟΚΙΝΗΤΩΝ,ΜΥΒ3292,11/10/2017,11/01/2018,ΛΕΣΒΟΥ,35.77,24.3,4.86,290
7190045179,PRIME INSURANCE,ΑΥΤΟΚΙΝΗΤΩΝ,ΜΥΒ3292,10/07/2017,10/10/2017,ΛΕΣΒΟΥ,35.45,24.08,4.82,290
7190045179,PRIME INSURANCE,ΑΥΤΟΚΙΝΗΤΩΝ,ΜΥΒ3292,10/04/2017,10/07/2017,ΛΕΣΒΟΥ,35.45,24.08,4.82,290
31298915,ΙΝΤΕΡΑΜΕΡΙΚΑΝ,ΑΥΤΟΚΙΝΗΤΩΝ,ΙΟΟ1840,23/10/2017,23/04/2018,ΑΤΤΙΚΗ,105.58,72.34,14.46,1993
3174017542,PRIME INSURANCE,ΠΥΡΟΣ,NA,12/10/2017,12/10/2018,ΛΕΣΒΟΥ,162.04,112.37,29.18,748
ΡΞ9713,ΣΥΝΕΤΑΙΡΙΣΤΙΚΗ,ΑΥΤΟΚΙΝΗΤΩΝ,ΥΗΕ3154,02/03/2017,02/09/2017,ΑΤΤΙΚΗ,107.5,74.56,14.91,402
ΡΥ2694,ΣΥΝΕΤΑΙΡΙΣΤΙΚΗ,ΑΥΤΟΚΙΝΗΤΩΝ,ΥΗΕ3154,02/09/2017,02/03/2018,ΑΤΤΙΚΗ,107.5,74.56,14.91,402
30095887,ΙΝΤΕΡΑΜΕΡΙΚΑΝ,ΑΥΤΟΚΙΝΗΤΩΝ,ΥΡΥ4215,17/07/2017,17/07/2018,ΑΡΤΑΣ,150.36,103.17,20.63,1890
213640197,ΙΝΤΕΡΣΑΛΟΝΙΚΑ,ΑΥΤΟΚΙΝΗΤΩΝ,ΥΒΡ3654,21/08/2017,21/11/2017,ΑΤΤΙΚΗ,64,43.1,8.62,1977
213443013,ΙΝΤΕΡΣΑΛΟΝΙΚΑ,ΑΥΤΟΚΙΝΗΤΩΝ,ΥΝΙ7800,11/05/2017,11/08/2017,ΑΤΤΙΚΗ,63,42.52,8.5,1977
70012431,ΙΝΤΕΡΑΜΕΡΙΚΑΝ,ΤΑΞΙΔΙΩΤΙΚΟ ΑΤΥΧΗΜΑ,NA,27/03/2017,10/04/2017,ΑΙΤΩΛΟΚΑΡΝΑΝΙΑ,25.01,18.11,2.35,2015
6178339,GROUPAMA,ΠΥΡΟΣ,NA,29/12/2017,29/12/2018,NA,85.84,62.17,14.3,2014
6176064,GROUPAMA,ΠΥΡΟΣ,NA,03/10/2017,03/10/2018,ΑΤΤΙΚΗ,108.94,78.9,18.15,523
11508456,GENERALI,ΖΩΗΣ,NA,06/09/2017,06/03/2018,ΑΤΤΙΚΗ,333.57,267.17,63.44,1936
11508456,GENERALI,ΖΩΗΣ,NA,06/03/2017,06/09/2017,ΑΤΤΙΚΗ,333.57,267.17,63.44,1936
5013899,Eurolife FFH,ΑΥΤΟΚΙΝΗΤΩΝ,ΙΜΙ2273,03/02/2017,03/08/2017,ΑΤΤΙΚΗ,138.94,95.51,19.1,753
19013189739,ΙΝΤΕΡΣΑΛΟΝΙΚΑ,ΑΥΤΟΚΙΝΗΤΩΝ,ΙΖΝ7018,14/09/2017,14/03/2018,ΑΤΤΙΚΗ,137,92.98,18.6,1772
19013189739,ΙΝΤΕΡΣΑΛΟΝΙΚΑ,ΑΥΤΟΚΙΝΗΤΩΝ,ΙΖΝ7018,14/03/2017,14/09/2017,ΑΤΤΙΚΗ,146,98.91,19.78,1772
19013253380,ΙΝΤΕΡΣΑΛΟΝΙΚΑ,ΑΥΤΟΚΙΝΗΤΩΝ,ΥΖΒ7059,27/10/2017,27/04/2018,NA,156,105.85,21.17,195
19013253380,ΙΝΤΕΡΣΑΛΟΝΙΚΑ,ΑΥΤΟΚΙΝΗΤΩΝ,ΥΖΒ7059,27/04/2017,27/10/2017,NA,156,105.85,21.17,195
7190046726,PRIME INSURANCE,ΑΥΤΟΚΙΝΗΤΩΝ,ΧΤΜ0851,04/11/2017,04/05/2018,ΛΕΣΒΟΥ,35,23.84,4.77,482
7190046726,PRIME INSURANCE,ΑΥΤΟΚΙΝΗΤΩΝ,ΧΤΜ0851,04/05/2017,04/11/2017,ΛΕΣΒΟΥ,34.37,23.4,4.68,482
2013951,ΜΙΝΕΤΤΑ,ΑΥΤΟΚΙΝΗΤΩΝ,ΤΑΑ8169,17/09/2017,17/12/2017,ΑΤΤΙΚΗ,303.34,206.02,10.3,1868
2013951,ΜΙΝΕΤΤΑ,ΑΥΤΟΚΙΝΗΤΩΝ,ΤΑΑ8169,17/06/2017,17/09/2017,ΑΤΤΙΚΗ,304.26,206.63,10.33,1868
2013951,ΜΙΝΕΤΤΑ,ΑΥΤΟΚΙΝΗΤΩΝ,ΤΑΑ8169,18/12/2017,18/03/2018,ΑΤΤΙΚΗ,302.5,205.44,10.27,1868
2013951,ΜΙΝΕΤΤΑ,ΑΥΤΟΚΙΝΗΤΩΝ,ΤΑΑ8169,17/03/2017,17/06/2017,ΑΤΤΙΚΗ,305.26,207.32,10.37,1868
19.210317209999999,INTERLIFE ΑΣΦΑΛΙΣΤΙΚΗ,ΑΥΤΟΚΙΝΗΤΩΝ,ΟΝΖ0193,19/06/2017,19/09/2017,ΑΤΤΙΚΗ,28.47,19.58,4.11,610
6175503,GROUPAMA,ΠΥΡΟΣ,NA,20/10/2017,20/10/2018,ΑΤΤΙΚΗ,166.71,120.75,27.77,588
02043404236,ERGO A.A.E.Z,ΑΥΤΟΚΙΝΗΤΩΝ,ΥΜΒ4744,08/11/2017,08/05/2018,ΑΙΤΩΛΟΚΑΡΝΑΝΙΑ,106,74.38,16.22,427
7190046738,PRIME INSURANCE,ΑΥΤΟΚΙΝΗΤΩΝ,ΥΜΒ4744,08/05/2017,08/11/2017,ΑΙΤΩΛΟΚΑΡΝΑΝΙΑ,85.37,57.98,11.6,427
11604169,GENERALI,ΖΩΗΣ,NA,20/11/2017,20/11/2018,NA,51.31999999999999,41.47999999999999,9.769999999999996,177
11604169,GENERALI,ΖΩΗΣ,NA,20/11/2017,20/12/2017,NA,25.66,20.74,4.89,177
11604167,GENERALI,ΖΩΗΣ,NA,20/11/2017,20/12/2017,NA,24.84,20.07,4.73,177
11612563,GENERALI,ΖΩΗΣ,NA,13/12/2017,13/01/2018,NA,51.449999999999996,41.09,10.17,177
11604167,GENERALI,ΖΩΗΣ,NA,20/12/2017,20/01/2018,NA,24.84,20.07,4.73,177
11604169,GENERALI,ΖΩΗΣ,NA,20/12/2017,20/01/2018,NA,25.66,20.74,4.89,177
ΕΣ8746,ΣΥΝΕΤΑΙΡΙΣΤΙΚΗ,ΑΥΤΟΚΙΝΗΤΩΝ,ΜΕΑ9913,30/06/2017,30/12/2017,ΑΙΤΩΛΟΚΑΡΝΑΝΙΑ,96.5,67.41,13.48,1944
11616576,GENERALI,ΑΥΤΟΚΙΝΗΤΩΝ,ΜΕΑ9913,30/12/2017,30/06/2018,ΑΙΤΩΛΟΚΑΡΝΑΝΙΑ,104.76,71.63,14.33,1944
1336206,ΑΤΛΑΝΤΙΚΗ ΕΝΩΣΗ,ΑΥΤΟΚΙΝΗΤΩΝ,ΧΕΒ0929,30/05/2017,30/08/2017,ΑΤΤΙΚΗ,47,29.53,5.91,468
11087500,ΔΥΝΑΜΙΣ,ΑΥΤΟΚΙΝΗΤΩΝ,ΥΗΗ5610,09/01/2017,09/07/2017,ΑΤΤΙΚΗ,113.39,74.42,14.88,468
1336206,ΑΤΛΑΝΤΙΚΗ ΕΝΩΣΗ,ΑΥΤΟΚΙΝΗΤΩΝ,ΧΕΒ0929,30/08/2017,30/11/2017,ΑΤΤΙΚΗ,47,29.55,5.91,468
11087500,ΔΥΝΑΜΙΣ,ΑΥΤΟΚΙΝΗΤΩΝ,ΥΗΗ5610,09/07/2017,09/01/2018,ΑΤΤΙΚΗ,113.39,74.42,14.88,468
02038175023,ERGO A.A.E.Z,ΑΥΤΟΚΙΝΗΤΩΝ,ΥΒΥ7376,23/05/2017,23/05/2018,ΤΡΙΠΟΛΗΣ,94,63.96,10.23,1931
19.211389700000002,INTERLIFE ΑΣΦΑΛΙΣΤΙΚΗ,ΑΥΤΟΚΙΝΗΤΩΝ,ΒΙΖ1506,07/09/2017,07/12/2017,NA,57.29,39.49,8.29,1958
7199817499,INTERASCO,ΑΥΤΟΚΙΝΗΤΩΝ,ΙΚΝ9807,30/08/2017,30/08/2018,ΑΤΤΙΚΗ,223.89,147.47,29.49,738
19.210890450000001,INTERLIFE ΑΣΦΑΛΙΣΤΙΚΗ,ΑΥΤΟΚΙΝΗΤΩΝ,ΗΒΥ589,13/07/2017,13/07/2018,ΑΤΤΙΚΗ,78.62,54.09,11.36,1003
7190050010,PRIME INSURANCE,ΑΥΤΟΚΙΝΗΤΩΝ,ΒΗΤ0374,07/06/2017,07/06/2018,ΑΤΤΙΚΗ,67.89,46.21,9.24,2022
213756345,ΙΝΤΕΡΣΑΛΟΝΙΚΑ,ΑΥΤΟΚΙΝΗΤΩΝ,ΖΗΗ3685,24/11/2017,24/02/2018,ΑΙΤΩΛΟΚΑΡΝΑΝΙΑ,60,40.65,8.13,1984
7190045898,PRIME INSURANCE,ΑΥΤΟΚΙΝΗΤΩΝ,ΑΙΥ839,21/10/2017,21/04/2018,ΑΙΤΩΛΟΚΑΡΝΑΝΙΑ,34.42,23.44,4.69,1293
7190045898,PRIME INSURANCE,ΑΥΤΟΚΙΝΗΤΩΝ,ΑΙΥ839,21/04/2017,21/10/2017,ΑΙΤΩΛΟΚΑΡΝΑΝΙΑ,33.78,23,4.6,1293
59541722,ΕΘΝΙΚΗ Ασφαλιστική,ΟΔΙΚΗΣ ΒΟΗΘΕΙΑΣ,ΜΥΝ0864,02/06/2017,02/09/2017,ΛΕΣΒΟΥ,0.92,0.8,0.06,1851
30702980,ΙΝΤΕΡΑΜΕΡΙΚΑΝ,ΑΥΤΟΚΙΝΗΤΩΝ,ΜΥΗ4697,30/10/2017,30/04/2018,ΛΕΣΒΟΥ,52.81,36.27,7.25,1851
30702980,ΙΝΤΕΡΑΜΕΡΙΚΑΝ,ΑΥΤΟΚΙΝΗΤΩΝ,ΜΥΗ4697,30/04/2017,30/10/2017,ΛΕΣΒΟΥ,53.08,36.47,7.29,1851
59541722,ΕΘΝΙΚΗ Ασφαλιστική,ΑΥΤΟΚΙΝΗΤΩΝ,ΜΥΝ0864,02/06/2017,02/09/2017,ΛΕΣΒΟΥ,30.51,21.7,4.99,1851
30958401,ΙΝΤΕΡΑΜΕΡΙΚΑΝ,ΑΥΤΟΚΙΝΗΤΩΝ,ΙΟΚ1613,03/11/2017,03/11/2018,ΗΛΕΙΑΣ,244.37,167.87,33.57,1903
ΡΣ8314,ΣΥΝΕΤΑΙΡΙΣΤΙΚΗ,ΑΥΤΟΚΙΝΗΤΩΝ,ΥΙΡ6778,10/07/2017,10/10/2017,ΑΤΤΙΚΗ,60.5,41.07,8.21,354
ΡΠ2206,ΣΥΝΕΤΑΙΡΙΣΤΙΚΗ,ΑΥΤΟΚΙΝΗΤΩΝ,ΥΙΡ6778,10/04/2017,10/07/2017,ΑΤΤΙΚΗ,60.5,41.07,8.21,354
ΡΝ6388,ΣΥΝΕΤΑΙΡΙΣΤΙΚΗ,ΑΥΤΟΚΙΝΗΤΩΝ,ΥΙΡ6778,10/01/2017,10/04/2017,ΑΤΤΙΚΗ,60.5,41.07,8.21,354
31719012441,ΑΓΡΟΤΙΚΗ ΑΣΦΑΛΙΣΤΙΚΗ,ΑΥΤΟΚΙΝΗΤΩΝ,ΥΝΗ8045,09/03/2017,09/03/2018,NA,140.88,96.12,19.22,2003
ΡΡ6801,ΣΥΝΕΤΑΙΡΙΣΤΙΚΗ,ΑΥΤΟΚΙΝΗΤΩΝ,ΥΤΙ3006,07/06/2017,07/09/2017,ΑΤΤΙΚΗ,95,64.45,12.89,1515
31276351,ΙΝΤΕΡΑΜΕΡΙΚΑΝ,ΑΥΤΟΚΙΝΗΤΩΝ,ΥΤΙ3006,07/09/2017,07/03/2018,ΑΤΤΙΚΗ,138.74,95.1,19.02,1515
ΡΤ6571,ΣΥΝΕΤΑΙΡΙΣΤΙΚΗ,ΑΥΤΟΚΙΝΗΤΩΝ,ΙΕΜ6689,11/08/2017,11/08/2018,ΑΤΤΙΚΗ,364.5,256.15,51.23,1515
19.210040759999998,INTERLIFE ΑΣΦΑΛΙΣΤΙΚΗ,ΑΥΤΟΚΙΝΗΤΩΝ,ΖΜΝ375,30/05/2017,30/08/2017,ΑΤΤΙΚΗ,31.24,21.5,4.52,1515
ΕΠ6120,ΣΥΝΕΤΑΙΡΙΣΤΙΚΗ,ΑΥΤΟΚΙΝΗΤΩΝ,ΥΤΙ3006,07/03/2017,07/06/2017,ΑΤΤΙΚΗ,95,64.46,12.89,1515
19.211338990000002,INTERLIFE ΑΣΦΑΛΙΣΤΙΚΗ,ΑΥΤΟΚΙΝΗΤΩΝ,ΖΜΝ375,01/09/2017,01/12/2017,ΑΤΤΙΚΗ,33.19,22.84,4.8,1515
19012661061,ΙΝΤΕΡΣΑΛΟΝΙΚΑ,ΑΥΤΟΚΙΝΗΤΩΝ,ΥΜΝ9637,22/11/2017,22/02/2018,ΑΤΤΙΚΗ,60,40.65,8.13,939
19012661061,ΙΝΤΕΡΣΑΛΟΝΙΚΑ,ΑΥΤΟΚΙΝΗΤΩΝ,ΥΜΝ9637,22/02/2017,22/08/2017,ΑΤΤΙΚΗ,124,84,16.8,939
19012661061,ΙΝΤΕΡΣΑΛΟΝΙΚΑ,ΑΥΤΟΚΙΝΗΤΩΝ,ΥΜΝ9637,22/08/2017,22/11/2017,ΑΤΤΙΚΗ,60,40.65,8.13,939
7190070242,PRIME INSURANCE,ΑΥΤΟΚΙΝΗΤΩΝ,ΑΙΝ1168,17/09/2017,17/09/2018,ΑΙΤΩΛΟΚΑΡΝΑΝΙΑ,154.2,104.74,20.95,2024
9190003247,ΕΥΡΩΠΗ ΑΕΓΑ,ΑΥΤΟΚΙΝΗΤΩΝ,ΑΤΑ9111,30/04/2017,30/04/2018,ΑΡΤΑΣ,189.42,126.84,27.54,936
213785574,ΙΝΤΕΡΣΑΛΟΝΙΚΑ,ΑΥΤΟΚΙΝΗΤΩΝ,ΧΑΗ9250,19/12/2017,19/06/2018,ΑΤΤΙΚΗ,166,112.77,22.55,225
7199807795,INTERASCO,ΑΥΤΟΚΙΝΗΤΩΝ,ΙΖΙ8704,01/04/2017,01/04/2018,NA,163.5,107.36,21.47,728
1323356,ΑΤΛΑΝΤΙΚΗ ΕΝΩΣΗ,ΑΥΤΟΚΙΝΗΤΩΝ,ΧΝΤ9335,05/07/2017,05/10/2017,ΑΤΤΙΚΗ,79,50.5,9.37,38
1323356,ΑΤΛΑΝΤΙΚΗ ΕΝΩΣΗ,ΑΥΤΟΚΙΝΗΤΩΝ,ΧΝΤ9335,05/04/2017,05/07/2017,ΑΤΤΙΚΗ,79,50.47,9.37,38
1323356,ΑΤΛΑΝΤΙΚΗ ΕΝΩΣΗ,ΑΥΤΟΚΙΝΗΤΩΝ,ΧΝΤ9335,05/10/2017,05/01/2018,ΑΤΤΙΚΗ,79,50.5,9.37,38
1928687,Eurolife FFH,ΑΥΤΟΚΙΝΗΤΩΝ,ΧΝΤ9335,05/01/2017,05/04/2017,ΑΤΤΙΚΗ,61.81,42.28,8.03,38
31163674,ΙΝΤΕΡΑΜΕΡΙΚΑΝ,ΑΥΤΟΚΙΝΗΤΩΝ,ΟΖΡ765,17/05/2017,16/05/2018,ΑΤΤΙΚΗ,64.41,44.400000000000006,8.879999999999999,466
31163674,ΙΝΤΕΡΑΜΕΡΙΚΑΝ,ΑΥΤΟΚΙΝΗΤΩΝ,ΟΖΡ765,16/05/2017,16/05/2018,ΑΤΤΙΚΗ,122.27,84.08,16.82,466
213760670,ΙΝΤΕΡΣΑΛΟΝΙΚΑ,ΑΥΤΟΚΙΝΗΤΩΝ,ΚΑΒ3396,29/11/2017,29/05/2018,NA,24,16.13,3.23,95
6164239,GROUPAMA,ΠΥΡΟΣ,NA,27/12/2017,27/12/2018,ΑΙΤΩΛΟΚΑΡΝΑΝΙΑ,75.02,54.34,13.04,472
9778256,ΙΝΤΕΡΑΜΕΡΙΚΑΝ,ΑΥΤΟΚΙΝΗΤΩΝ,ΑΙΝ3542,28/03/2017,28/03/2018,ΑΙΤΩΛΟΚΑΡΝΑΝΙΑ,137.99,94.61,18.92,1921
7190049305,PRIME INSURANCE,ΑΥΤΟΚΙΝΗΤΩΝ,ΑΙΙ0167,02/06/2017,02/06/2018,ΑΙΤΩΛΟΚΑΡΝΑΝΙΑ,58.44,39.79,7.96,380
ΡΠ0441,ΣΥΝΕΤΑΙΡΙΣΤΙΚΗ,ΑΥΤΟΚΙΝΗΤΩΝ,ΥΕΟ1692,07/04/2017,07/10/2017,NA,119,82.16,16.43,1173
8170006161,ΕΥΡΩΠΗ ΑΕΓΑ,ΠΥΡΟΣ,NA,19/09/2017,19/09/2018,ΑΤΤΙΚΗ,114.05,79,18.57,1919
7199625367,INTERASCO,ΑΥΤΟΚΙΝΗΤΩΝ,ΥΝΥ5477,11/05/2017,11/11/2017,ΑΤΤΙΚΗ,540.39,358.08,71.62,1915
7199625367,INTERASCO,ΑΥΤΟΚΙΝΗΤΩΝ,ΥΝΥ5477,11/11/2017,11/11/2018,ΑΤΤΙΚΗ,434.12,285.95,50.96,1915
7190052033,PRIME INSURANCE,ΑΥΤΟΚΙΝΗΤΩΝ,ΡΙΙ7149,29/06/2017,29/06/2018,ΛΑΡΙΣΗΣ,196.23,134.45,24.66,362
7190062913,PRIME INSURANCE,ΑΥΤΟΚΙΝΗΤΩΝ,ΧΗΤ0400,28/07/2017,28/07/2018,ΑΤΤΙΚΗ,79.18,54.06,10.81,1982
213714150,ΙΝΤΕΡΣΑΛΟΝΙΚΑ,ΑΥΤΟΚΙΝΗΤΩΝ,ΖΜΚ6402,18/10/2017,18/10/2018,ΑΤΤΙΚΗ,238,161.13,32.23,1982
213638491,ΙΝΤΕΡΣΑΛΟΝΙΚΑ,ΑΥΤΟΚΙΝΗΤΩΝ,ΖΗΜ4713,19/08/2017,19/02/2018,ΑΤΤΙΚΗ,169,114.79,22.96,1982
11563316,GENERALI,ΖΩΗΣ,NA,17/09/2017,17/10/2017,ΑΤΤΙΚΗ,90.49,71.57,12.17,1941
11563316,GENERALI,ΖΩΗΣ,NA,17/07/2017,17/08/2017,ΑΤΤΙΚΗ,125.22,71.57,12.17,1941
11563316,GENERALI,ΖΩΗΣ,NA,17/11/2017,17/12/2017,ΑΤΤΙΚΗ,90.49,71.57,12.16,1941
11563316,GENERALI,ΖΩΗΣ,NA,17/12/2017,17/01/2018,ΑΤΤΙΚΗ,90.49,71.57,12.15,1941
11563316,GENERALI,ΖΩΗΣ,NA,17/08/2017,17/09/2017,ΑΤΤΙΚΗ,90.49,71.57,12.17,1941
11563316,GENERALI,ΖΩΗΣ,NA,17/10/2017,17/11/2017,ΑΤΤΙΚΗ,90.5,71.58,12.17,1941
11343551,GENERALI,ΖΩΗΣ,NA,10/10/2017,10/11/2017,ΑΤΤΙΚΗ,109.77000000000001,86.79,13.02,1185
11343551,GENERALI,ΖΩΗΣ,NA,10/11/2017,10/12/2017,ΑΤΤΙΚΗ,109.76,86.78,13.02,1185
11343551,GENERALI,ΖΩΗΣ,NA,10/08/2017,10/09/2017,ΑΤΤΙΚΗ,109.76,86.78,13.01,1185
11343551,GENERALI,ΖΩΗΣ,NA,10/06/2017,10/07/2017,ΑΤΤΙΚΗ,135.51,107.13,16.06,1185
11343551,GENERALI,ΖΩΗΣ,NA,10/05/2017,10/06/2017,ΑΤΤΙΚΗ,135.51,107.13,16.06,1185
11343551,GENERALI,ΖΩΗΣ,NA,10/07/2017,10/08/2017,ΑΤΤΙΚΗ,109.75999999999999,86.78,13.009999999999998,1185
11343551,GENERALI,ΖΩΗΣ,NA,10/03/2017,10/04/2017,ΑΤΤΙΚΗ,135.51,107.13,16.06,1185
11343551,GENERALI,ΖΩΗΣ,NA,10/02/2017,10/03/2017,ΑΤΤΙΚΗ,131.22,103.76,17.62,1185
11343551,GENERALI,ΖΩΗΣ,NA,10/09/2017,10/10/2017,ΑΤΤΙΚΗ,109.76,86.78,13.01,1185
11343551,GENERALI,ΖΩΗΣ,NA,10/01/2017,10/02/2017,ΑΤΤΙΚΗ,131.22,103.76,17.62,1185
11343551,GENERALI,ΖΩΗΣ,NA,10/04/2017,10/05/2017,ΑΤΤΙΚΗ,135.51,107.13,16.06,1185
11343551,GENERALI,ΖΩΗΣ,NA,10/12/2017,10/01/2018,ΑΤΤΙΚΗ,109.76,86.78,13.01,1185
19.21038544,INTERLIFE ΑΣΦΑΛΙΣΤΙΚΗ,ΑΥΤΟΚΙΝΗΤΩΝ,ΥΡΝ0731,22/06/2017,22/09/2017,ΑΤΤΙΚΗ,34.53,23.76,4.99,1953
19012914410,ΙΝΤΕΡΣΑΛΟΝΙΚΑ,ΑΥΤΟΚΙΝΗΤΩΝ,ΖΚΗ4294,01/09/2017,01/12/2017,NA,66,44.53,8.91,1863
19012914410,ΙΝΤΕΡΣΑΛΟΝΙΚΑ,ΑΥΤΟΚΙΝΗΤΩΝ,ΖΚΗ4294,01/03/2017,01/06/2017,NA,66,44.53,8.91,1863
19012914410,ΙΝΤΕΡΣΑΛΟΝΙΚΑ,ΑΥΤΟΚΙΝΗΤΩΝ,ΖΚΗ4294,01/06/2017,01/09/2017,NA,66,44.53,8.91,1863
7190075295,PRIME INSURANCE,ΑΥΤΟΚΙΝΗΤΩΝ,ΜΥΒ2027,11/10/2017,11/04/2018,NA,77.99,52.99,10.6,2019
7190046846,PRIME INSURANCE,ΑΥΤΟΚΙΝΗΤΩΝ,ΜΥΒ1566,07/05/2017,07/11/2017,NA,75.89,51.55,10.31,2019
9788946,ΙΝΤΕΡΑΜΕΡΙΚΑΝ,ΑΥΤΟΚΙΝΗΤΩΝ,ΖΧΙ5782,19/10/2017,19/04/2018,ΑΤΤΙΚΗ,168.15,115.35,23.07,1922
9788946,ΙΝΤΕΡΑΜΕΡΙΚΑΝ,ΑΥΤΟΚΙΝΗΤΩΝ,ΖΧΙ5782,19/04/2017,19/10/2017,ΑΤΤΙΚΗ,167.46,114.85,22.97,1922
11618761,GENERALI,ΑΥΤΟΚΙΝΗΤΩΝ,ΡΡΕ1617,30/12/2017,30/12/2018,ΛΑΡΙΣΗΣ,264.79,181.41,36.28,1945
213553203,ΙΝΤΕΡΣΑΛΟΝΙΚΑ,ΑΥΤΟΚΙΝΗΤΩΝ,ΒΟΗ5050,03/07/2017,03/10/2017,NA,67,45.56,9.11,1867
30981029,ΙΝΤΕΡΑΜΕΡΙΚΑΝ,ΑΥΤΟΚΙΝΗΤΩΝ,ΖΜΟ2792,23/02/2017,23/05/2017,NA,54.76,37.6,7.52,1867
19013322575,ΙΝΤΕΡΣΑΛΟΝΙΚΑ,ΑΥΤΟΚΙΝΗΤΩΝ,ΒΟΗ5050,29/03/2017,29/06/2017,NA,67,45.56,9.11,1867
19013622162,ΙΝΤΕΡΣΑΛΟΝΙΚΑ,ΑΥΤΟΚΙΝΗΤΩΝ,ΒΟΗ5050,03/10/2017,03/01/2018,NA,67,45.56,9.11,1867
7199711874,INTERASCO,ΑΥΤΟΚΙΝΗΤΩΝ,ΙΖΜ6183,16/01/2017,16/01/2018,ΑΤΤΙΚΗ,286.66,188.96,37.79,382
213780907,ΙΝΤΕΡΣΑΛΟΝΙΚΑ,ΑΥΤΟΚΙΝΗΤΩΝ,ΖΖΗ8687,15/12/2017,15/06/2018,NA,140,95.01,19,535
213743329,ΙΝΤΕΡΣΑΛΟΝΙΚΑ,ΑΥΤΟΚΙΝΗΤΩΝ,ΜΥΗ2846,13/11/2017,13/12/2017,ΛΕΣΒΟΥ,20,13.37,2.67,1983
19013279310,ΙΝΤΕΡΣΑΛΟΝΙΚΑ,ΑΥΤΟΚΙΝΗΤΩΝ,ΜΥΚ0032,19/05/2017,19/11/2017,ΛΕΣΒΟΥ,32,21.31,4.26,11
31719007172,ΑΓΡΟΤΙΚΗ ΑΣΦΑΛΙΣΤΙΚΗ,ΑΥΤΟΚΙΝΗΤΩΝ,ΥΜΗ6154,08/02/2017,08/08/2017,ΛΕΣΒΟΥ,70.08,47.81,9.56,11
7190064483,PRIME INSURANCE,ΑΥΤΟΚΙΝΗΤΩΝ,ΥΜΗ6154,08/08/2017,08/02/2018,ΛΕΣΒΟΥ,67.33,45.76,9.15,11
213750278,ΙΝΤΕΡΣΑΛΟΝΙΚΑ,ΑΥΤΟΚΙΝΗΤΩΝ,ΜΥΚ0032,20/11/2017,20/05/2018,ΛΕΣΒΟΥ,32,21.31,4.26,11
19013273634,ΙΝΤΕΡΣΑΛΟΝΙΚΑ,ΑΥΤΟΚΙΝΗΤΩΝ,ΖΧΕ2314,14/08/2017,14/11/2017,ΑΤΤΙΚΗ,49,32.76,6.55,198
19013273634,ΙΝΤΕΡΣΑΛΟΝΙΚΑ,ΑΥΤΟΚΙΝΗΤΩΝ,ΖΧΕ2314,14/02/2017,14/05/2017,ΑΤΤΙΚΗ,49,32.76,6.55,198
19013273634,ΙΝΤΕΡΣΑΛΟΝΙΚΑ,ΑΥΤΟΚΙΝΗΤΩΝ,ΖΧΕ2314,14/05/2017,14/08/2017,ΑΤΤΙΚΗ,49,32.76,6.55,198
19013273634,ΙΝΤΕΡΣΑΛΟΝΙΚΑ,ΑΥΤΟΚΙΝΗΤΩΝ,ΖΧΕ2314,14/11/2017,14/02/2018,ΑΤΤΙΚΗ,49,32.76,6.55,198
213608359,ΙΝΤΕΡΣΑΛΟΝΙΚΑ,ΑΥΤΟΚΙΝΗΤΩΝ,ΥΕΤ2082,23/07/2017,23/10/2017,ΑΤΤΙΚΗ,65,43.63,8.73,424
213306381,ΙΝΤΕΡΣΑΛΟΝΙΚΑ,ΑΥΤΟΚΙΝΗΤΩΝ,ΡΟ2327,16/02/2017,16/02/2018,ΛΕΣΒΟΥ,47,30.85,6.17,620
P0124048116,AIG,ΑΥΤΟΚΙΝΗΤΩΝ,ΜΥΗ9631,27/10/2017,27/10/2018,ΛΕΣΒΟΥ,119.23,88.46,17.69,620
19013374377,ΙΝΤΕΡΣΑΛΟΝΙΚΑ,ΑΥΤΟΚΙΝΗΤΩΝ,ΥΗΜ9605,19/08/2017,19/02/2018,ΑΤΤΙΚΗ,112,76.15,15.23,1784
19013374377,ΙΝΤΕΡΣΑΛΟΝΙΚΑ,ΑΥΤΟΚΙΝΗΤΩΝ,ΥΗΜ9605,19/02/2017,19/08/2017,ΑΤΤΙΚΗ,118,80.13,16.03,1784
213449431,ΙΝΤΕΡΣΑΛΟΝΙΚΑ,ΑΥΤΟΚΙΝΗΤΩΝ,ΖΗΖ9207,16/05/2017,16/11/2017,ΑΤΤΙΚΗ,134,91.04,18.21,1784
ΕΦ6800,ΣΥΝΕΤΑΙΡΙΣΤΙΚΗ,ΑΥΤΟΚΙΝΗΤΩΝ,ΖΧΚ2176,15/12/2017,15/03/2018,ΑΤΤΙΚΗ,59,39.44,7.89,1586
ΕΥ5383,ΣΥΝΕΤΑΙΡΙΣΤΙΚΗ,ΑΥΤΟΚΙΝΗΤΩΝ,ΖΥΜ3125,03/10/2017,03/01/2018,ΑΤΤΙΚΗ,51,34.14,6.83,1586
213477451,ΙΝΤΕΡΣΑΛΟΝΙΚΑ,ΑΥΤΟΚΙΝΗΤΩΝ,ΜΥΒ2929,02/06/2017,02/07/2017,ΛΕΣΒΟΥ,20,13.37,2.67,1978
31331485,ΙΝΤΕΡΑΜΕΡΙΚΑΝ,ΑΥΤΟΚΙΝΗΤΩΝ,ΖΜΧ1421,28/11/2017,28/05/2018,ΑΤΤΙΚΗ,133.73,91.64,18.33,1996
7190065841,PRIME INSURANCE,ΑΥΤΟΚΙΝΗΤΩΝ,ΟΗΟ0840,21/08/2017,21/08/2018,ΑΤΤΙΚΗ,86.52,59.06,11.81,2023
31339172,ΙΝΤΕΡΑΜΕΡΙΚΑΝ,ΑΥΤΟΚΙΝΗΤΩΝ,ΖΜΙ6736,01/12/2017,01/06/2018,ΑΤΤΙΚΗ,133.11,91.23,18.25,1997
P0124017431,AIG,ΑΥΤΟΚΙΝΗΤΩΝ,ΑΙΝ6206,05/07/2017,05/01/2018,ΑΙΤΩΛΟΚΑΡΝΑΝΙΑ,102.84,76.53,15.31,1924
P0124017431,AIG,ΑΥΤΟΚΙΝΗΤΩΝ,ΑΙΝ6206,05/01/2017,05/07/2017,ΑΙΤΩΛΟΚΑΡΝΑΝΙΑ,107.02,79.62,15.92,1924
31342820,ΙΝΤΕΡΑΜΕΡΙΚΑΝ,ΑΥΤΟΚΙΝΗΤΩΝ,ΙΕΜ7531,01/12/2017,01/12/2018,NA,212,145.22,29.04,254
7190059765,PRIME INSURANCE,ΑΥΤΟΚΙΝΗΤΩΝ,ΙΒΤ7656,13/07/2017,13/01/2018,ΑΙΤΩΛΟΚΑΡΝΑΝΙΑ,80.8,54.88,10.98,381
213431107,ΙΝΤΕΡΣΑΛΟΝΙΚΑ,ΑΥΤΟΚΙΝΗΤΩΝ,ΥΜΧ7974,05/05/2017,05/08/2017,NA,74,49.95,9.99,1883
7199719157,INTERASCO,ΑΥΤΟΚΙΝΗΤΩΝ,ΥΝΜ7060,18/04/2017,18/10/2017,ΑΤΤΙΚΗ,158.92,104.78,20.96,1900
6177229,GROUPAMA,ΠΥΡΟΣ,NA,17/11/2017,17/11/2018,ΚΟΡΙΝΘΟΥ,104.12,75.43,17.35,2012
ΡΣ4885,ΣΥΝΕΤΑΙΡΙΣΤΙΚΗ,ΑΥΤΟΚΙΝΗΤΩΝ,ΥΡΤ3521,05/07/2017,05/10/2017,ΑΤΤΙΚΗ,70,48.07,9.61,1839
19013547840,ΙΝΤΕΡΣΑΛΟΝΙΚΑ,ΑΥΤΟΚΙΝΗΤΩΝ,ΥΡΥ4823,02/08/2017,02/09/2017,ΑΤΤΙΚΗ,33,21.88,4.38,1839
02027681807,ERGO A.A.E.Z,ΑΥΤΟΚΙΝΗΤΩΝ,ΙΕΝ7225,01/04/2017,01/07/2017,ΑΤΤΙΚΗ,49,32.56,7.1,1839
ΡΥ1361,ΣΥΝΕΤΑΙΡΙΣΤΙΚΗ,ΑΥΤΟΚΙΝΗΤΩΝ,ΙΕΝ7224,23/08/2017,23/11/2017,ΑΤΤΙΚΗ,60.5,41.07,8.21,1839
02027681807,ERGO A.A.E.Z,ΑΥΤΟΚΙΝΗΤΩΝ,ΙΕΝ7225,01/10/2017,01/01/2018,ΑΤΤΙΚΗ,48,32.42,7.07,1839
ΡΦ5148,ΣΥΝΕΤΑΙΡΙΣΤΙΚΗ,ΑΥΤΟΚΙΝΗΤΩΝ,ΥΡΤ3521,05/10/2017,05/01/2018,ΑΤΤΙΚΗ,70,48.07,9.61,1839
02027681807,ERGO A.A.E.Z,ΑΥΤΟΚΙΝΗΤΩΝ,ΙΕΝ7225,01/07/2017,01/10/2017,ΑΤΤΙΚΗ,48,32.42,7.07,1839
19012838731,ΙΝΤΕΡΣΑΛΟΝΙΚΑ,ΑΥΤΟΚΙΝΗΤΩΝ,ΥΡΤ3521,05/01/2017,05/04/2017,ΑΤΤΙΚΗ,74,50.14,10.03,1839
213478881,ΙΝΤΕΡΣΑΛΟΝΙΚΑ,ΑΥΤΟΚΙΝΗΤΩΝ,ΥΡΥ4823,02/06/2017,02/07/2017,ΑΤΤΙΚΗ,33,21.88,4.38,1839
19013547840,ΙΝΤΕΡΣΑΛΟΝΙΚΑ,ΑΥΤΟΚΙΝΗΤΩΝ,ΥΡΥ4823,02/10/2017,02/11/2017,ΑΤΤΙΚΗ,33,21.88,4.38,1839
19013547840,ΙΝΤΕΡΣΑΛΟΝΙΚΑ,ΑΥΤΟΚΙΝΗΤΩΝ,ΥΡΥ4823,02/12/2017,02/01/2018,ΑΤΤΙΚΗ,33,21.88,4.38,1839
19013547840,ΙΝΤΕΡΣΑΛΟΝΙΚΑ,ΑΥΤΟΚΙΝΗΤΩΝ,ΥΡΥ4823,02/07/2017,02/08/2017,ΑΤΤΙΚΗ,33,21.88,4.38,1839
19013547840,ΙΝΤΕΡΣΑΛΟΝΙΚΑ,ΑΥΤΟΚΙΝΗΤΩΝ,ΥΡΥ4823,02/11/2017,02/12/2017,ΑΤΤΙΚΗ,33,21.88,4.38,1839
ΕΠ3660,ΣΥΝΕΤΑΙΡΙΣΤΙΚΗ,ΑΥΤΟΚΙΝΗΤΩΝ,ΙΕΝ7224,23/02/2017,23/05/2017,ΑΤΤΙΚΗ,60.5,41.07,8.21,1839
02027681807,ERGO A.A.E.Z,ΑΥΤΟΚΙΝΗΤΩΝ,ΙΕΝ7225,01/01/2017,01/04/2017,ΑΤΤΙΚΗ,48,32.12,7.01,1839
ΡΡ3759,ΣΥΝΕΤΑΙΡΙΣΤΙΚΗ,ΑΥΤΟΚΙΝΗΤΩΝ,ΙΕΝ7224,23/05/2017,23/08/2017,ΑΤΤΙΚΗ,60.5,41.07,8.21,1839
19013547840,ΙΝΤΕΡΣΑΛΟΝΙΚΑ,ΑΥΤΟΚΙΝΗΤΩΝ,ΥΡΥ4823,02/09/2017,02/10/2017,ΑΤΤΙΚΗ,33,21.88,4.38,1839
ΕΡ1527,ΣΥΝΕΤΑΙΡΙΣΤΙΚΗ,ΑΥΤΟΚΙΝΗΤΩΝ,ΥΡΤ3521,05/04/2017,05/07/2017,ΑΤΤΙΚΗ,70,48.07,9.61,1839
ΡΧ9801,ΣΥΝΕΤΑΙΡΙΣΤΙΚΗ,ΑΥΤΟΚΙΝΗΤΩΝ,ΙΕΝ7224,23/11/2017,23/02/2018,ΑΤΤΙΚΗ,62,41.55,8.31,1839
7190045497,PRIME INSURANCE,ΑΥΤΟΚΙΝΗΤΩΝ,ΥΜΚ8063,14/10/2017,14/04/2018,NA,65.03,44.2,8.84,2017
7190045497,PRIME INSURANCE,ΑΥΤΟΚΙΝΗΤΩΝ,ΥΜΚ8063,13/04/2017,13/10/2017,NA,64.4,43.76,8.75,2017
7199712876,INTERASCO,ΑΥΤΟΚΙΝΗΤΩΝ,ΜΥΗ2690,25/07/2017,25/07/2018,NA,172.26,113.4,22.68,1917
213793550,ΙΝΤΕΡΣΑΛΟΝΙΚΑ,ΑΥΤΟΚΙΝΗΤΩΝ,ΥΗΙ0739,25/12/2017,25/06/2018,ΛΕΣΒΟΥ,32,21.31,4.26,1888
9190003464,ΕΥΡΩΠΗ ΑΕΓΑ,ΑΥΤΟΚΙΝΗΤΩΝ,ΜΥΒ9065,23/06/2017,23/12/2017,ΛΕΣΒΟΥ,75.38,50.36,10.89,1888
213527960,ΙΝΤΕΡΣΑΛΟΝΙΚΑ,ΑΥΤΟΚΙΝΗΤΩΝ,ΥΗΙ0739,23/06/2017,23/12/2017,ΛΕΣΒΟΥ,32,21.31,4.26,1888
02043683856,ERGO A.A.E.Z,ΑΥΤΟΚΙΝΗΤΩΝ,ΜΥΗ4649,18/11/2017,18/02/2018,ΛΕΣΒΟΥ,38,25.42,5.59,1932
19012721137,ΙΝΤΕΡΣΑΛΟΝΙΚΑ,ΑΥΤΟΚΙΝΗΤΩΝ,ΖΥΡ2739,02/04/2017,02/10/2017,ΑΤΤΙΚΗ,111,75.11,15.02,1703
7199804448,INTERASCO,ΑΥΤΟΚΙΝΗΤΩΝ,ΙΒΙ2175,18/02/2017,18/02/2018,ΑΤΤΙΚΗ,209.47,137.66000000000003,27.529999999999998,395
9797281,ΙΝΤΕΡΑΜΕΡΙΚΑΝ,ΑΥΤΟΚΙΝΗΤΩΝ,ΖΗΤ541,11/04/2017,11/04/2018,ΑΤΤΙΚΗ,69.36,47.72,9.54,1160
5200272437,EUROP  ASSISTANCE,ΟΔΙΚΗΣ ΒΟΗΘΕΙΑΣ,ΥΝΑ5231,07/11/2017,07/05/2018,NA,14.5,12.61,3.15,1995
31325632,ΙΝΤΕΡΑΜΕΡΙΚΑΝ,ΑΥΤΟΚΙΝΗΤΩΝ,ΥΝΑ5231,07/11/2017,07/05/2018,NA,98.29,67.18,13.44,1995
7190075297,PRIME INSURANCE,ΑΥΤΟΚΙΝΗΤΩΝ,ΥΗΥ6830,11/10/2017,11/10/2018,ΑΙΤΩΛΟΚΑΡΝΑΝΙΑ,173.5,118.15,23.63,101
7190044828,PRIME INSURANCE,ΑΥΤΟΚΙΝΗΤΩΝ,ΥΟΧ7850,06/04/2017,06/10/2017,ΑΙΤΩΛΟΚΑΡΝΑΝΙΑ,86.21,58.55,11.5,415
02042431532,ERGO A.A.E.Z,ΑΥΤΟΚΙΝΗΤΩΝ,ΥΟΧ7850,06/10/2017,06/04/2018,ΑΙΤΩΛΟΚΑΡΝΑΝΙΑ,99,69.5,15.15,415
11097487,ΔΥΝΑΜΙΣ,ΑΥΤΟΚΙΝΗΤΩΝ,ΑΙΝ1704,18/09/2017,18/03/2018,ΑΙΤΩΛΟΚΑΡΝΑΝΙΑ,86.65,56.88,11.38,1934
11097487,ΔΥΝΑΜΙΣ,ΑΥΤΟΚΙΝΗΤΩΝ,ΑΙΝ1704,17/03/2017,17/09/2017,ΑΙΤΩΛΟΚΑΡΝΑΝΙΑ,86.65,56.88,11.38,1934
59879908,ΕΘΝΙΚΗ Ασφαλιστική,ΑΥΤΟΚΙΝΗΤΩΝ,ΔΟΚ6978,06/10/2017,31/12/2017,ΑΤΤΙΚΗ,110.66,78.62,18.08,2008
59879908,ΕΘΝΙΚΗ Ασφαλιστική,ΟΔΙΚΗΣ ΒΟΗΘΕΙΑΣ,ΔΟΚ6978,06/10/2017,31/12/2017,ΑΤΤΙΚΗ,0.86,0.75,0.05,2008
1317322,ΑΤΛΑΝΤΙΚΗ ΕΝΩΣΗ,ΑΥΤΟΚΙΝΗΤΩΝ,ΖΚΗ4089,12/03/2017,12/03/2018,NA,147.5,99.13,19.83,1054
ΡΞ4661,ΣΥΝΕΤΑΙΡΙΣΤΙΚΗ,ΑΥΤΟΚΙΝΗΤΩΝ,ΙΡΒ4034,08/02/2017,08/05/2017,ΑΤΤΙΚΗ,68,45.89,9.18,1926
7190048829,PRIME INSURANCE,ΑΥΤΟΚΙΝΗΤΩΝ,ΡΟΝ4633,30/05/2017,30/08/2017,ΧΑΝΙΩΝ,39.62,26.91,5.38,2021
19.21179347,INTERLIFE ΑΣΦΑΛΙΣΤΙΚΗ,ΑΥΤΟΚΙΝΗΤΩΝ,ΒΚΗ105,20/10/2017,20/01/2018,ΑΤΤΙΚΗ,52.46,36.06,7.57,1964
19.211760219999999,INTERLIFE ΑΣΦΑΛΙΣΤΙΚΗ,ΑΥΤΟΚΙΝΗΤΩΝ,ΖΖΑ586,17/10/2017,17/01/2018,ΑΤΤΙΚΗ,23.87,16.42,3.45,1962
7190047592,PRIME INSURANCE,ΑΥΤΟΚΙΝΗΤΩΝ,ΒΙΚ9629,20/05/2017,20/05/2018,NA,150.97,103.2,20.64,92
19.210418870000002,INTERLIFE ΑΣΦΑΛΙΣΤΙΚΗ,ΑΥΤΟΚΙΝΗΤΩΝ,ΙΜΚ602,23/06/2017,23/12/2017,NA,54.25,37.31,7.84,1954
1992034,Eurolife FFH,ΑΥΤΟΚΙΝΗΤΩΝ,ΙΕΒ3886,30/01/2017,30/04/2017,NA,69.03,47.4,9.48,1876
19013540783,ΙΝΤΕΡΣΑΛΟΝΙΚΑ,ΑΥΤΟΚΙΝΗΤΩΝ,ΙΕΒ3886,30/08/2017,30/11/2017,NA,59.39,39.74,7.9399999999999995,1876
213471824,ΙΝΤΕΡΣΑΛΟΝΙΚΑ,ΑΥΤΟΚΙΝΗΤΩΝ,ΙΕΒ3886,30/05/2017,30/08/2017,NA,60,40.17,8.03,1876
213353329,ΙΝΤΕΡΣΑΛΟΝΙΚΑ,ΑΥΤΟΚΙΝΗΤΩΝ,ΙΒΙ9540,21/03/2017,21/09/2017,ΑΤΤΙΚΗ,137,92.92,18.58,656
294819,DAS,ΝΟΜΙΚΗΣ ΠΡΟΣΤΑΣΙΑΣ,ΙΒΙ 9540,21/09/2017,21/09/2018,ΑΤΤΙΚΗ,23,17.78,5.33,656
7199800853,INTERASCO,ΑΥΤΟΚΙΝΗΤΩΝ,ΙΜΡ3161,09/01/2017,09/01/2018,ΑΤΤΙΚΗ,246.06,162.1,32.42,378
7199721148,INTERASCO,ΑΥΤΟΚΙΝΗΤΩΝ,ΙΖΤ4936,09/05/2017,09/11/2017,NA,104.25,68.44,13.69,931
19013650447,ΙΝΤΕΡΣΑΛΟΝΙΚΑ,ΑΥΤΟΚΙΝΗΤΩΝ,ΚΕΖ4636,12/10/2017,12/01/2018,NA,60,40.17,8.03,557
59168401,ΕΘΝΙΚΗ Ασφαλιστική,ΑΥΤΟΚΙΝΗΤΩΝ,ΚΡΒ9729,03/01/2017,03/04/2017,NA,63.06,44.9,10.33,557
59168401,ΕΘΝΙΚΗ Ασφαλιστική,ΟΔΙΚΗΣ ΒΟΗΘΕΙΑΣ,ΚΡΒ9729,03/01/2017,03/04/2017,NA,0.92,0.8,0.06,557
213581488,ΙΝΤΕΡΣΑΛΟΝΙΚΑ,ΑΥΤΟΚΙΝΗΤΩΝ,ΚΕΖ4636,12/07/2017,12/10/2017,NA,60,40.17,8.03,557
7190047217,PRIME INSURANCE,ΑΥΤΟΚΙΝΗΤΩΝ,ΝΚΡ572,16/05/2017,16/05/2018,ΑΤΤΙΚΗ,191.61,130.86,23.95,1128
7199706537,INTERASCO,ΑΥΤΟΚΙΝΗΤΩΝ,ΙΗΡ4839,15/05/2017,15/11/2017,NA,135.94,89.52,17.9,1916
7199706537,INTERASCO,ΑΥΤΟΚΙΝΗΤΩΝ,ΙΗΡ4839,15/11/2017,15/05/2018,NA,135.02,88.9,17.78,1916
213521517,ΙΝΤΕΡΣΑΛΟΝΙΚΑ,ΑΥΤΟΚΙΝΗΤΩΝ,ΥΕΝ1898,22/06/2017,22/12/2017,NA,111,75.11,15.02,1980
19013220682,ΙΝΤΕΡΣΑΛΟΝΙΚΑ,ΑΥΤΟΚΙΝΗΤΩΝ,ΥΜΧ3441,03/10/2017,03/01/2018,ΑΤΤΙΚΗ,99,66.95,13.39,1866
19013220682,ΙΝΤΕΡΣΑΛΟΝΙΚΑ,ΑΥΤΟΚΙΝΗΤΩΝ,ΥΜΧ3441,03/07/2017,03/10/2017,ΑΤΤΙΚΗ,88,59.54,11.91,1866
19013220682,ΙΝΤΕΡΣΑΛΟΝΙΚΑ,ΑΥΤΟΚΙΝΗΤΩΝ,ΥΜΧ3441,03/01/2017,03/04/2017,ΑΤΤΙΚΗ,88,59.54,11.91,1866
19013220682,ΙΝΤΕΡΣΑΛΟΝΙΚΑ,ΑΥΤΟΚΙΝΗΤΩΝ,ΥΜΧ3441,03/04/2017,03/07/2017,ΑΤΤΙΚΗ,88,59.54,11.91,1866
213718942,ΙΝΤΕΡΣΑΛΟΝΙΚΑ,ΑΥΤΟΚΙΝΗΤΩΝ,ΙΒΕ9924,23/10/2017,23/04/2018,ΑΤΤΙΚΗ,154,103.88,20.78,94
19013787888,ΙΝΤΕΡΣΑΛΟΝΙΚΑ,ΑΥΤΟΚΙΝΗΤΩΝ,ΙΒΕ9924,23/10/2017,23/04/2018,ΑΤΤΙΚΗ,24.69,16.99,3.4,94
11559761,GENERALI,ΖΩΗΣ,NA,10/09/2017,10/10/2017,ΑΤΤΙΚΗ,57.96,46.38,11.02,1940
11559761,GENERALI,ΖΩΗΣ,NA,10/10/2017,10/11/2017,ΑΤΤΙΚΗ,57.96,46.38,11.02,1940
11559761,GENERALI,ΖΩΗΣ,NA,10/11/2017,10/12/2017,ΑΤΤΙΚΗ,57.96,46.38,11.02,1940
11559761,GENERALI,ΖΩΗΣ,NA,10/08/2017,10/09/2017,ΑΤΤΙΚΗ,57.96,46.38,11.09,1940
11559761,GENERALI,ΖΩΗΣ,NA,10/12/2017,10/01/2018,ΑΤΤΙΚΗ,57.96,46.38,11.02,1940
11559761,GENERALI,ΖΩΗΣ,NA,10/07/2017,10/08/2017,ΑΤΤΙΚΗ,57.96,46.38,11.09,1940
11600612,GENERALI,ΖΩΗΣ,NA,09/11/2017,09/12/2017,ΑΤΤΙΚΗ,70.79,28.51,4.85,1168
11600612,GENERALI,ΖΩΗΣ,NA,09/12/2017,09/01/2018,ΑΤΤΙΚΗ,36.06,28.51,4.84,1168
7199803759,INTERASCO,ΑΥΤΟΚΙΝΗΤΩΝ,ΙΚΕ7253,11/02/2017,11/02/2018,ΑΤΤΙΚΗ,185.63,121.87,24.37,1142
4461265,ΙΝΤΕΡΑΜΕΡΙΚΑΝ,ΖΩΗΣ,NA,16/05/2017,15/06/2017,ΑΤΤΙΚΗ,103.22,102.42999999999999,0,1914
4461265,ΙΝΤΕΡΑΜΕΡΙΚΑΝ,ΖΩΗΣ,NA,16/06/2017,15/07/2017,ΑΤΤΙΚΗ,103.23,102.44,5.41,1914
4461265,ΙΝΤΕΡΑΜΕΡΙΚΑΝ,ΖΩΗΣ,NA,16/09/2017,15/10/2017,ΑΤΤΙΚΗ,103.23,102.44,5.41,1914
4461265,ΙΝΤΕΡΑΜΕΡΙΚΑΝ,ΖΩΗΣ,NA,16/08/2017,15/09/2017,ΑΤΤΙΚΗ,103.23,102.44,5.41,1914
4461265,ΙΝΤΕΡΑΜΕΡΙΚΑΝ,ΖΩΗΣ,NA,16/10/2017,15/11/2017,ΑΤΤΙΚΗ,103.23,102.44,5.41,1914
4461265,ΙΝΤΕΡΑΜΕΡΙΚΑΝ,ΖΩΗΣ,NA,16/11/2017,15/12/2017,ΑΤΤΙΚΗ,103.23,102.44,5.41,1914
7199808215,INTERASCO,ΑΥΤΟΚΙΝΗΤΩΝ,ΗΚΟ2256,04/04/2017,04/10/2017,ΑΤΤΙΚΗ,346.51,228.99,45.8,1914
4461265,ΙΝΤΕΡΑΜΕΡΙΚΑΝ,ΖΩΗΣ,NA,16/04/2017,15/05/2017,ΑΤΤΙΚΗ,103.22,102.42999999999999,0,1914
4461265,ΙΝΤΕΡΑΜΕΡΙΚΑΝ,ΖΩΗΣ,NA,16/02/2017,15/03/2017,ΑΤΤΙΚΗ,103.22,102.42999999999999,0,1914
4461265,ΙΝΤΕΡΑΜΕΡΙΚΑΝ,ΖΩΗΣ,NA,16/12/2017,15/01/2018,ΑΤΤΙΚΗ,103.22,102.42999999999999,0,1914
4461265,ΙΝΤΕΡΑΜΕΡΙΚΑΝ,ΖΩΗΣ,NA,16/07/2017,15/08/2017,ΑΤΤΙΚΗ,103.23,102.44,5.41,1914
4461265,ΙΝΤΕΡΑΜΕΡΙΚΑΝ,ΖΩΗΣ,NA,16/01/2017,16/02/2017,ΑΤΤΙΚΗ,103.22,102.42999999999999,0,1914
7199808215,INTERASCO,ΑΥΤΟΚΙΝΗΤΩΝ,ΗΚΟ2256,04/10/2017,04/04/2018,ΑΤΤΙΚΗ,344.61,227.73,45.55,1914
6175833,GROUPAMA,ΠΥΡΟΣ,NA,20/09/2017,20/03/2018,ΑΤΤΙΚΗ,56.66,41.05,9.44,134
7190051577,PRIME INSURANCE,ΑΥΤΟΚΙΝΗΤΩΝ,ΙΚΒ9357,15/06/2017,15/12/2017,ΑΤΤΙΚΗ,107.86,73.23,14.65,1390
11316911,GENERALI,ΖΩΗΣ,NA,18/01/2017,18/07/2017,ΑΤΤΙΚΗ,70.74,55.95,9.48,1482
11346918,GENERALI,ΖΩΗΣ,NA,17/09/2017,17/03/2018,ΑΤΤΙΚΗ,561.22,450.63,76.17,1482
11346918,GENERALI,ΖΩΗΣ,NA,17/03/2017,17/09/2017,ΑΤΤΙΚΗ,561.22,450.63,76.17,1482
11316911,GENERALI,ΖΩΗΣ,NA,18/07/2017,18/01/2018,ΑΤΤΙΚΗ,70.74,55.95,9.48,1482
31015605,ΙΝΤΕΡΑΜΕΡΙΚΑΝ,ΑΥΤΟΚΙΝΗΤΩΝ,ΙΟΙ4670,12/01/2017,12/01/2018,ΑΤΤΙΚΗ,316.9,217.43,43.49,826
102833642,ALLIANZ ΕΥΡΩΠΑΙΚΗ ΠΙΣΤΗ,ΑΥΤΟΚΙΝΗΤΩΝ,ΥΟΜ1310,28/01/2017,28/04/2017,ΑΤΤΙΚΗ,56.44,37.92,7.58,825
31244907,ΙΝΤΕΡΑΜΕΡΙΚΑΝ,ΑΥΤΟΚΙΝΗΤΩΝ,ΥΟΜ1310,09/08/2017,28/01/2018,ΑΤΤΙΚΗ,4.44,3.04,0.61,825
31244907,ΙΝΤΕΡΑΜΕΡΙΚΑΝ,ΑΥΤΟΚΙΝΗΤΩΝ,ΥΟΜ1310,28/07/2017,28/01/2018,ΑΤΤΙΚΗ,79.26,54.32,10.86,825
213405045,ΙΝΤΕΡΣΑΛΟΝΙΚΑ,ΑΥΤΟΚΙΝΗΤΩΝ,ΥΟΜ1310,28/04/2017,28/07/2017,ΑΤΤΙΚΗ,77,52.04,10.41,825
7199712814,INTERASCO,ΑΥΤΟΚΙΝΗΤΩΝ,ΥΝΡ5054,11/02/2017,11/02/2018,ΑΤΤΙΚΗ,298.7,196.97,39.39,396
8170005371,ΕΥΡΩΠΗ ΑΕΓΑ,ΠΥΡΟΣ,NA,13/06/2017,13/12/2017,ΑΤΤΙΚΗ,79.4,55,12.93,119
5017827,Eurolife FFH,ΑΥΤΟΚΙΝΗΤΩΝ,ΙΗΗ6784,22/05/2017,22/08/2017,ΑΤΤΙΚΗ,58.79,40.32,8.06,119
8170005371,ΕΥΡΩΠΗ ΑΕΓΑ,ΠΥΡΟΣ,NA,13/12/2017,13/06/2018,ΑΤΤΙΚΗ,79.4,55,12.93,119
5017827,Eurolife FFH,ΑΥΤΟΚΙΝΗΤΩΝ,ΙΗΗ6784,22/02/2017,22/05/2017,ΑΤΤΙΚΗ,60,41.14,8.23,119
7190054927,PRIME INSURANCE,ΑΥΤΟΚΙΝΗΤΩΝ,ΡΙΗ9080,04/07/2017,04/01/2018,ΑΤΤΙΚΗ,102.78,70.49,12.82,374
7199710780,INTERASCO,ΑΥΤΟΚΙΝΗΤΩΝ,ΡΙΗ9080,04/01/2017,04/07/2017,ΑΤΤΙΚΗ,123.16,81.18,16.24,374
31344777,ΙΝΤΕΡΑΜΕΡΙΚΑΝ,ΑΥΤΟΚΙΝΗΤΩΝ,ΙΜΕ9117,23/12/2017,23/12/2018,ΑΤΤΙΚΗ,255.39,175.09,35.02,574
3190128218,PRIME INSURANCE,ΑΥΤΟΚΙΝΗΤΩΝ,ΟΗΒ745,18/09/2017,18/09/2018,ΑΤΤΙΚΗ,87.87,59.98,12,574
11507107,GENERALI,ΑΥΤΟΚΙΝΗΤΩΝ,ΑΤΒ8816,03/03/2017,03/09/2017,ΑΤΤΙΚΗ,103.75,71.07,14.21,566
7190045893,PRIME INSURANCE,ΑΥΤΟΚΙΝΗΤΩΝ,ΖΗΗ1725,21/04/2017,21/10/2017,ΑΤΤΙΚΗ,108.16,73.43,14.69,181
19013683840,ΙΝΤΕΡΣΑΛΟΝΙΚΑ,ΑΥΤΟΚΙΝΗΤΩΝ,ΙΜΟ8451,31/07/2017,31/07/2018,ΑΤΤΙΚΗ,58.42,40.15,8.03,1702
213614881,ΙΝΤΕΡΣΑΛΟΝΙΚΑ,ΑΥΤΟΚΙΝΗΤΩΝ,ΙΜΟ8451,31/07/2017,31/07/2018,ΑΤΤΙΚΗ,228,154.06,30.81,1702
9728569,ΕΘΝΙΚΗ Ασφαλιστική,ΖΩΗΣ,NA,28/04/2017,28/07/2017,NA,393.42,343.4,12.91,411
9728569,ΕΘΝΙΚΗ Ασφαλιστική,ΖΩΗΣ,NA,28/10/2017,28/01/2018,NA,393.42,343.4,12.41,411
46788,ΑΤΛΑΝΤΙΚΗ ΕΝΩΣΗ,ΖΩΗΣ,NA,16/11/2017,16/02/2018,NA,47.96,40.16,9.24,411
9728569,ΕΘΝΙΚΗ Ασφαλιστική,ΖΩΗΣ,NA,28/01/2017,28/04/2017,NA,393.42,343.4,12.91,411
44587,ΑΤΛΑΝΤΙΚΗ ΕΝΩΣΗ,ΖΩΗΣ,NA,16/05/2017,16/08/2017,NA,46.1,38.66,8.64,411
9728569,ΕΘΝΙΚΗ Ασφαλιστική,ΖΩΗΣ,NA,28/07/2017,28/10/2017,NA,393.42,343.4,12.41,411
6173989,GROUPAMA,ΠΥΡΟΣ,NA,24/06/2017,24/06/2018,NA,109.59,79.38,19.05,411
44587,ΑΤΛΑΝΤΙΚΗ ΕΝΩΣΗ,ΖΩΗΣ,NA,16/02/2017,16/05/2017,NA,46.1,38.66,8.64,411
46788,ΑΤΛΑΝΤΙΚΗ ΕΝΩΣΗ,ΖΩΗΣ,NA,16/08/2017,16/11/2017,NA,68.91,40.16,9.24,411
31308714,ΙΝΤΕΡΑΜΕΡΙΚΑΝ,ΠΥΡΟΣ,NA,09/10/2017,09/10/2018,ΑΤΤΙΚΗ,71.75,51.7,10.73,1994
ΡΡ9035,ΣΥΝΕΤΑΙΡΙΣΤΙΚΗ,ΑΥΤΟΚΙΝΗΤΩΝ,ΖΚΧ9123,09/06/2017,09/12/2017,ΑΤΤΙΚΗ,196,135.58,27.12,1929
59717173,ΕΘΝΙΚΗ Ασφαλιστική,ΟΔΙΚΗΣ ΒΟΗΘΕΙΑΣ,ΥΡΚ1732,14/07/2017,14/10/2017,ΑΤΤΙΚΗ,0.92,0.8,0.06,1929
59717173,ΕΘΝΙΚΗ Ασφαλιστική,ΑΥΤΟΚΙΝΗΤΩΝ,ΥΡΚ1732,14/07/2017,14/10/2017,ΑΤΤΙΚΗ,55.46,39.42,9.07,1929
11615221,GENERALI,ΖΩΗΣ,NA,20/12/2017,20/01/2018,ΑΤΤΙΚΗ,66.1,52.83,12.57,764
7190047331,PRIME INSURANCE,ΑΥΤΟΚΙΝΗΤΩΝ,ΜΥΒ1011,30/11/2017,28/02/2018,ΛΕΣΒΟΥ,32.46,22.06,4.41,2020
7190047331,PRIME INSURANCE,ΑΥΤΟΚΙΝΗΤΩΝ,ΜΥΒ1011,11/05/2017,11/11/2017,ΛΕΣΒΟΥ,61.24,41.62,8.32,2020
7190070662,PRIME INSURANCE,ΑΥΤΟΚΙΝΗΤΩΝ,ΡΑΕ0010,18/09/2017,18/03/2018,ΧΙΟΥ,35.42,24.119999999999997,4.82,2025
7190054659,PRIME INSURANCE,ΑΥΤΟΚΙΝΗΤΩΝ,ΖΝΡ137,28/06/2017,28/12/2017,ΑΤΤΙΚΗ,84.31,57.26,11.45,56
19.211249240000001,INTERLIFE ΑΣΦΑΛΙΣΤΙΚΗ,ΑΥΤΟΚΙΝΗΤΩΝ,ΑΙΙ621,20/08/2017,20/02/2018,NA,57.22,39.57,8.31,1957
1299603,ΑΤΛΑΝΤΙΚΗ ΕΝΩΣΗ,ΑΥΤΟΚΙΝΗΤΩΝ,ΑΙΚ2506,26/09/2017,26/12/2017,ΑΙΤΩΛΟΚΑΡΝΑΝΙΑ,48.5,30.58,6.12,1848
1299603,ΑΤΛΑΝΤΙΚΗ ΕΝΩΣΗ,ΑΥΤΟΚΙΝΗΤΩΝ,ΑΙΚ2506,26/06/2017,26/09/2017,ΑΙΤΩΛΟΚΑΡΝΑΝΙΑ,48.5,30.58,6.12,1848
1299603,ΑΤΛΑΝΤΙΚΗ ΕΝΩΣΗ,ΑΥΤΟΚΙΝΗΤΩΝ,ΑΙΚ2506,26/03/2017,26/06/2017,ΑΙΤΩΛΟΚΑΡΝΑΝΙΑ,48.5,30.58,6.12,1848
1299603,ΑΤΛΑΝΤΙΚΗ ΕΝΩΣΗ,ΑΥΤΟΚΙΝΗΤΩΝ,ΑΙΚ2506,26/12/2017,26/03/2018,ΑΙΤΩΛΟΚΑΡΝΑΝΙΑ,48.5,30.58,6.12,1848
1325460,ΑΤΛΑΝΤΙΚΗ ΕΝΩΣΗ,ΑΥΤΟΚΙΝΗΤΩΝ,ΥΤΙ4917,11/04/2017,11/07/2017,NA,48.5,30.69,5.41,600
5067492,Eurolife FFH,ΑΥΤΟΚΙΝΗΤΩΝ,ΙΗΧ3641,28/11/2017,28/02/2018,NA,71.82,49.26,9.85,600
30152305,ΙΝΤΕΡΑΜΕΡΙΚΑΝ,ΑΥΤΟΚΙΝΗΤΩΝ,ΟΚΧ142,02/04/2017,02/04/2018,ΑΤΤΙΚΗ,511.94,352.18,70.44,1892
11578478,GENERALI,ΖΩΗΣ,NA,05/09/2017,05/09/2018,ΑΤΤΙΚΗ,224.32,150.05,25.53,532
31327243,ΙΝΤΕΡΑΜΕΡΙΚΑΝ,ΑΥΤΟΚΙΝΗΤΩΝ,ΙΖΙ6477,06/11/2017,06/11/2018,ΑΤΤΙΚΗ,180.62,123.61,24.72,532
19012769154,ΙΝΤΕΡΣΑΛΟΝΙΚΑ,ΑΥΤΟΚΙΝΗΤΩΝ,ΙΖΙ6477,06/05/2017,06/11/2017,ΑΤΤΙΚΗ,123,83.32,16.66,532
6176790,GROUPAMA,ΠΥΡΟΣ,NA,01/11/2017,01/11/2018,ΑΤΤΙΚΗ,102.33,74.12,17.05,2011
19013002601,ΙΝΤΕΡΣΑΛΟΝΙΚΑ,ΑΥΤΟΚΙΝΗΤΩΝ,ΥΝΡ6532,25/10/2017,25/11/2017,ΑΤΤΙΚΗ,29,19.55,3.91,585
19013002601,ΙΝΤΕΡΣΑΛΟΝΙΚΑ,ΑΥΤΟΚΙΝΗΤΩΝ,ΥΝΡ6532,25/04/2017,25/10/2017,ΑΤΤΙΚΗ,105,71.24,14.25,585
7190050467,PRIME INSURANCE,ΑΥΤΟΚΙΝΗΤΩΝ,ΟΑΡ0948,09/06/2017,09/12/2017,ΑΤΤΙΚΗ,81.34,55.25,11.05,1911
7190048197,PRIME INSURANCE,ΑΥΤΟΚΙΝΗΤΩΝ,ΧΤΝ745,22/05/2017,22/05/2018,ΑΤΤΙΚΗ,157.47,106.94,21.39,1946
1314040,ΑΤΛΑΝΤΙΚΗ ΕΝΩΣΗ,ΑΥΤΟΚΙΝΗΤΩΝ,ΧΤΝ745,22/02/2017,22/05/2017,ΑΤΤΙΚΗ,47,29.53,5.91,1946
1928823,Eurolife FFH,ΑΥΤΟΚΙΝΗΤΩΝ,ΙΚΝ2497,07/01/2017,07/04/2017,ΑΤΤΙΚΗ,59.94,41,7.79,40
1928823,Eurolife FFH,ΑΥΤΟΚΙΝΗΤΩΝ,ΙΚΝ2497,07/10/2017,07/01/2018,ΑΤΤΙΚΗ,71.91,49.19,9.84,40
1928823,Eurolife FFH,ΑΥΤΟΚΙΝΗΤΩΝ,ΙΚΝ2497,07/07/2017,07/10/2017,ΑΤΤΙΚΗ,59.93,41.01,8.2,40
1928823,Eurolife FFH,ΑΥΤΟΚΙΝΗΤΩΝ,ΙΚΝ2497,07/04/2017,07/07/2017,ΑΤΤΙΚΗ,58.76,40.2,8.04,40
213262443,ΙΝΤΕΡΣΑΛΟΝΙΚΑ,ΑΥΤΟΚΙΝΗΤΩΝ,ΖΗΝ3731,09/01/2017,09/07/2017,NA,116,78.37,15.67,948
213778427,ΙΝΤΕΡΣΑΛΟΝΙΚΑ,ΑΥΤΟΚΙΝΗΤΩΝ,ΥΜΖ4327,14/12/2017,14/12/2018,NA,203,137.81,27.56,1985
7190068911,PRIME INSURANCE,ΑΥΤΟΚΙΝΗΤΩΝ,ΙΥΚ322,09/09/2017,09/03/2018,ΑΤΤΙΚΗ,50.21,34.27,6.85,945
1363299,ΑΤΛΑΝΤΙΚΗ ΕΝΩΣΗ,ΑΥΤΟΚΙΝΗΤΩΝ,ΗΚΟ2950,30/08/2017,30/11/2017,ΗΡΑΚΛΕΙΟΥ,66,42.26,7.61,1952
11459866,GENERALI,ΖΩΗΣ,NA,10/05/2017,10/11/2017,ΑΤΤΙΚΗ,223.86,177.03,30.04,1844
11459866,GENERALI,ΖΩΗΣ,NA,10/11/2017,10/05/2018,ΑΤΤΙΚΗ,236.35,186.9,28.04,1844
19.210600339999999,INTERLIFE ΑΣΦΑΛΙΣΤΙΚΗ,ΑΥΤΟΚΙΝΗΤΩΝ,ΧΖΡ0276,03/07/2017,03/10/2017,NA,22.93,15.78,3.31,21
11533260,GENERALI,ΖΩΗΣ,NA,04/09/2017,04/10/2017,NA,66.89,53.38,12.71,21
11533260,GENERALI,ΖΩΗΣ,NA,04/08/2017,04/09/2017,NA,66.89,53.38,12.71,21
11533260,GENERALI,ΖΩΗΣ,NA,04/05/2017,04/06/2017,NA,66.89,53.38,12.71,21
11533260,GENERALI,ΖΩΗΣ,NA,04/12/2017,04/01/2018,NA,66.89,53.38,12.71,21
11533260,GENERALI,ΖΩΗΣ,NA,04/07/2017,04/08/2017,NA,66.89,53.38,12.71,21
11533260,GENERALI,ΖΩΗΣ,NA,04/11/2017,04/12/2017,NA,66.89,53.38,12.71,21
213449158,ΙΝΤΕΡΣΑΛΟΝΙΚΑ,ΑΥΤΟΚΙΝΗΤΩΝ,ΥΕΚ6826,16/05/2017,16/05/2018,NA,273,185.25,37.05,21
11533260,GENERALI,ΖΩΗΣ,NA,04/06/2017,04/07/2017,NA,66.89,53.38,12.71,21
11533260,GENERALI,ΖΩΗΣ,NA,04/10/2017,04/11/2017,NA,66.89,53.38,12.71,21
11539348,GENERALI,ΖΩΗΣ,NA,19/05/2017,19/06/2017,ΑΤΤΙΚΗ,26.35,21.34,4.71,1939
11539348,GENERALI,ΖΩΗΣ,NA,19/10/2017,19/11/2017,ΑΤΤΙΚΗ,26.360000000000003,21.35,5.4,1939
11539348,GENERALI,ΖΩΗΣ,NA,19/07/2017,19/08/2017,ΑΤΤΙΚΗ,26.35,21.34,4.71,1939
11539348,GENERALI,ΖΩΗΣ,NA,19/06/2017,19/07/2017,ΑΤΤΙΚΗ,26.35,21.34,5.21,1939
11539348,GENERALI,ΖΩΗΣ,NA,19/11/2017,19/12/2017,ΑΤΤΙΚΗ,26.35,21.34,5.21,1939
11539348,GENERALI,ΖΩΗΣ,NA,19/12/2017,19/01/2018,ΑΤΤΙΚΗ,26.35,21.34,5.21,1939
11539348,GENERALI,ΖΩΗΣ,NA,19/09/2017,19/10/2017,ΑΤΤΙΚΗ,26.35,21.34,5.21,1939
11539348,GENERALI,ΖΩΗΣ,NA,19/08/2017,19/09/2017,ΑΤΤΙΚΗ,26.35,21.34,5.21,1939
31152414,ΙΝΤΕΡΑΜΕΡΙΚΑΝ,ΑΥΤΟΚΙΝΗΤΩΝ,ΥΝΚ8956,07/11/2017,07/05/2018,ΑΤΤΙΚΗ,110.74,75.9,15.18,1879
31152414,ΙΝΤΕΡΑΜΕΡΙΚΑΝ,ΑΥΤΟΚΙΝΗΤΩΝ,ΥΝΚ8956,07/05/2017,07/11/2017,ΑΤΤΙΚΗ,100.75,69.07,13.81,1879
19.212103079999999,INTERLIFE ΑΣΦΑΛΙΣΤΙΚΗ,ΑΥΤΟΚΙΝΗΤΩΝ,ΟΚΤ36,01/12/2017,01/03/2018,ΑΤΤΙΚΗ,36.7,25.24,5.3,1966
213455017,ΙΝΤΕΡΣΑΛΟΝΙΚΑ,ΑΥΤΟΚΙΝΗΤΩΝ,ΖΗΑ3937,21/05/2017,21/08/2017,NA,71,48.2,9.64,1218
19013523977,ΙΝΤΕΡΣΑΛΟΝΙΚΑ,ΑΥΤΟΚΙΝΗΤΩΝ,ΖΗΑ3937,21/08/2017,21/11/2017,NA,65.62,44.550000000000004,8.91,1218
1376790,ΑΤΛΑΝΤΙΚΗ ΕΝΩΣΗ,ΑΥΤΟΚΙΝΗΤΩΝ,ΑΙΜ1169,12/11/2017,12/05/2018,NA,128,83.97,15.1,512
1311869,ΑΤΛΑΝΤΙΚΗ ΕΝΩΣΗ,ΑΥΤΟΚΙΝΗΤΩΝ,ΧΡΡ0125,13/02/2017,13/05/2017,ΑΤΤΙΚΗ,47,29.53,5.91,991
19.21018819,INTERLIFE ΑΣΦΑΛΙΣΤΙΚΗ,ΑΥΤΟΚΙΝΗΤΩΝ,ΖΝΤ0447,08/06/2017,08/09/2017,ΑΤΤΙΚΗ,34.53,23.76,4.99,1116
7199805226,INTERASCO,ΑΥΤΟΚΙΝΗΤΩΝ,ΙΚΥ1155,28/02/2017,28/02/2018,NA,179.18,117.63,23.53,568
19013816920,ΙΝΤΕΡΣΑΛΟΝΙΚΑ,ΑΥΤΟΚΙΝΗΤΩΝ,ΖΜΤ1230,16/11/2017,16/02/2018,NA,71,48.2,9.64,1145
19013340307,ΙΝΤΕΡΣΑΛΟΝΙΚΑ,ΑΥΤΟΚΙΝΗΤΩΝ,ΥΥΜ4529,17/07/2017,17/10/2017,NA,67,45.46,9.09,495
19013340307,ΙΝΤΕΡΣΑΛΟΝΙΚΑ,ΑΥΤΟΚΙΝΗΤΩΝ,ΥΥΜ4529,17/04/2017,17/07/2017,NA,67,45.46,9.09,495
213713627,ΙΝΤΕΡΣΑΛΟΝΙΚΑ,ΑΥΤΟΚΙΝΗΤΩΝ,ΥΥΜ4529,18/10/2017,18/01/2018,NA,62,41.7,8.34,495
213271343,ΙΝΤΕΡΣΑΛΟΝΙΚΑ,ΑΥΤΟΚΙΝΗΤΩΝ,ΥΥΜ4529,17/01/2017,17/04/2017,NA,67,45.5,9.1,495
11603546,GENERALI,ΖΩΗΣ,NA,17/11/2017,17/01/2018,ΑΤΤΙΚΗ,4.94,3.92,0.67,607
11603546,GENERALI,ΖΩΗΣ,NA,17/11/2017,17/12/2017,ΑΤΤΙΚΗ,48.06,10.55,1.79,607
11603546,GENERALI,ΖΩΗΣ,NA,17/12/2017,17/01/2018,ΑΤΤΙΚΗ,13.33,10.55,1.79,607
19013292373,ΙΝΤΕΡΣΑΛΟΝΙΚΑ,ΑΥΤΟΚΙΝΗΤΩΝ,ΥΧΧ8285,01/06/2017,01/12/2017,ΑΤΤΙΚΗ,124,84,16.8,99
213612466,ΙΝΤΕΡΣΑΛΟΝΙΚΑ,ΑΥΤΟΚΙΝΗΤΩΝ,ΥΚΧ3564,26/07/2017,26/10/2017,ΑΤΤΙΚΗ,63,42.54,8.51,1731
31280313,ΙΝΤΕΡΑΜΕΡΙΚΑΝ,ΑΥΤΟΚΙΝΗΤΩΝ,ΥΗΑ7413,15/09/2017,15/03/2018,ΑΤΤΙΚΗ,86.62,59.39,11.870000000000001,136
11097002,ΔΥΝΑΜΙΣ,ΑΥΤΟΚΙΝΗΤΩΝ,ΥΗΑ7413,15/03/2017,15/09/2017,ΑΤΤΙΚΗ,97.79,64.19,12.84,136
31342214,ΙΝΤΕΡΑΜΕΡΙΚΑΝ,ΑΥΤΟΚΙΝΗΤΩΝ,ΙΖΜ6626,12/12/2017,12/12/2018,ΑΤΤΙΚΗ,171.66,117.64,23.53,1979
213491039,ΙΝΤΕΡΣΑΛΟΝΙΚΑ,ΑΥΤΟΚΙΝΗΤΩΝ,ΙΖΜ6626,12/06/2017,12/12/2017,ΑΤΤΙΚΗ,114,76.86,15.37,1979
7190052956,PRIME INSURANCE,ΑΥΤΟΚΙΝΗΤΩΝ,ΒΕΗ716,23/06/2017,23/12/2017,ΑΤΤΙΚΗ,41.01,27.9,5.58,22
7199704983,INTERASCO,ΑΥΤΟΚΙΝΗΤΩΝ,ΖΚΝ3732,22/04/2017,22/04/2018,ΑΤΤΙΚΗ,219.99,145.07,29.01,494
31249921,ΙΝΤΕΡΑΜΕΡΙΚΑΝ,ΑΥΤΟΚΙΝΗΤΩΝ,ΤΖΒ998,24/08/2017,24/02/2018,ΑΤΤΙΚΗ,44.15,30.33,6.07,494
7190045674,PRIME INSURANCE,ΑΥΤΟΚΙΝΗΤΩΝ,ΡΡΑ5108,29/04/2017,29/04/2018,ΛΑΡΙΣΗΣ,154.99,105.93,21.19,165
213632678,ΙΝΤΕΡΣΑΛΟΝΙΚΑ,ΑΥΤΟΚΙΝΗΤΩΝ,ΝΕΑ6648,11/08/2017,11/02/2018,ΛΑΡΙΣΗΣ,22,14.77,2.95,165
11115631,ΔΥΝΑΜΙΣ,ΑΥΤΟΚΙΝΗΤΩΝ,ΝΑΒ9101,09/06/2017,09/12/2017,ΛΑΡΙΣΗΣ,26.62,17.5,3.5,165
2224052787,ΥΔΡΟΓΕΙΟΣ,ΣΚΑΦΩΝ,NA,04/07/2017,04/07/2018,ΝΑΞΟΥ,80.01,59.46,10.11,1987
7199803660,INTERASCO,ΑΥΤΟΚΙΝΗΤΩΝ,ΙΚΤ3896,07/02/2017,07/02/2018,NA,161.1,105.78,21.16,336
1314942,ΑΤΛΑΝΤΙΚΗ ΕΝΩΣΗ,ΑΥΤΟΚΙΝΗΤΩΝ,ΟΟΒ0308,28/05/2017,28/08/2017,NA,47,29.55,5.91,336
1314942,ΑΤΛΑΝΤΙΚΗ ΕΝΩΣΗ,ΑΥΤΟΚΙΝΗΤΩΝ,ΟΟΒ0308,28/02/2017,28/05/2017,NA,47,29.53,5.91,336
1314942,ΑΤΛΑΝΤΙΚΗ ΕΝΩΣΗ,ΑΥΤΟΚΙΝΗΤΩΝ,ΟΟΒ0308,28/08/2017,28/11/2017,NA,47,29.55,5.91,336
7199719484,INTERASCO,ΑΥΤΟΚΙΝΗΤΩΝ,ΙΖΒ2235,24/04/2017,24/10/2017,ΑΤΤΙΚΗ,143.66,94.73,18.95,1901
11441611,GENERALI,ΖΩΗΣ,NA,03/12/2017,03/01/2018,ΑΤΤΙΚΗ,88.98,71,14.58,440
11441611,GENERALI,ΖΩΗΣ,NA,03/11/2017,03/12/2017,ΑΤΤΙΚΗ,88.98,71,14.58,440
11439415,GENERALI,ΖΩΗΣ,NA,29/03/2017,29/09/2017,ΑΤΤΙΚΗ,136.06,107.59,18.3,440
11439415,GENERALI,ΖΩΗΣ,NA,29/09/2017,29/03/2018,ΑΤΤΙΚΗ,136.06,107.59,18.3,440
11441611,GENERALI,ΖΩΗΣ,NA,03/01/2017,03/02/2017,ΑΤΤΙΚΗ,84.97,67.81,15.65,440
4078,ΣΥΝΕΤΑΙΡΙΣΤΙΚΗ,ΖΩΗΣ,NA,26/03/2017,26/09/2017,ΑΤΤΙΚΗ,213.19,182.84,31.08,440
11441611,GENERALI,ΖΩΗΣ,NA,03/07/2017,03/08/2017,ΑΤΤΙΚΗ,84.97,67.81,15.65,440
4078,ΣΥΝΕΤΑΙΡΙΣΤΙΚΗ,ΖΩΗΣ,NA,26/09/2017,26/03/2018,ΑΤΤΙΚΗ,223.77,191.9,32.62,440
11441611,GENERALI,ΖΩΗΣ,NA,03/08/2017,03/09/2017,ΑΤΤΙΚΗ,84.97,67.81,16.01,440
11441611,GENERALI,ΖΩΗΣ,NA,03/02/2017,03/03/2017,ΑΤΤΙΚΗ,84.97,67.81,15.65,440
11441611,GENERALI,ΖΩΗΣ,NA,03/03/2017,03/04/2017,ΑΤΤΙΚΗ,84.97,67.81,15.65,440
11441611,GENERALI,ΖΩΗΣ,NA,03/10/2017,03/11/2017,ΑΤΤΙΚΗ,88.98,71,14.58,440
11441611,GENERALI,ΖΩΗΣ,NA,03/04/2017,03/05/2017,ΑΤΤΙΚΗ,84.97,67.81,15.65,440
11441611,GENERALI,ΖΩΗΣ,NA,03/09/2017,03/10/2017,ΑΤΤΙΚΗ,84.97,67.81,16.16,440
11441611,GENERALI,ΖΩΗΣ,NA,03/05/2017,03/06/2017,ΑΤΤΙΚΗ,84.97,67.81,15.65,440
11441611,GENERALI,ΖΩΗΣ,NA,03/06/2017,03/07/2017,ΑΤΤΙΚΗ,84.97,67.81,15.65,440
19013031093,ΙΝΤΕΡΣΑΛΟΝΙΚΑ,ΑΥΤΟΚΙΝΗΤΩΝ,ΙΖΤ2616,13/05/2017,13/08/2017,ΑΤΤΙΚΗ,75,50.83,10.17,1461
213637468,ΙΝΤΕΡΣΑΛΟΝΙΚΑ,ΑΥΤΟΚΙΝΗΤΩΝ,ΙΖΤ2616,18/08/2017,18/11/2017,ΑΤΤΙΚΗ,75,50.83,10.17,1461
19013031093,ΙΝΤΕΡΣΑΛΟΝΙΚΑ,ΑΥΤΟΚΙΝΗΤΩΝ,ΙΖΤ2616,13/02/2017,13/05/2017,ΑΤΤΙΚΗ,75,50.83,10.17,1461
11401443,GENERALI,ΖΩΗΣ,NA,07/11/2017,07/12/2017,ΑΤΤΙΚΗ,58.28,47.09,9.28,1153
11401443,GENERALI,ΖΩΗΣ,NA,07/05/2017,07/06/2017,ΑΤΤΙΚΗ,55.23,44.68,9.7,1153
11401443,GENERALI,ΖΩΗΣ,NA,07/01/2017,07/02/2017,ΑΤΤΙΚΗ,55.23,44.68,9.7,1153
11401443,GENERALI,ΖΩΗΣ,NA,07/07/2017,07/08/2017,ΑΤΤΙΚΗ,58.28,47.09,9.16,1153
11401443,GENERALI,ΖΩΗΣ,NA,07/12/2017,07/01/2018,ΑΤΤΙΚΗ,58.28,47.09,9.28,1153
11401443,GENERALI,ΖΩΗΣ,NA,07/08/2017,07/09/2017,ΑΤΤΙΚΗ,58.28,47.09,9.16,1153
11401443,GENERALI,ΖΩΗΣ,NA,07/09/2017,07/10/2017,ΑΤΤΙΚΗ,58.28,47.09,9.28,1153
11401443,GENERALI,ΖΩΗΣ,NA,07/04/2017,07/05/2017,ΑΤΤΙΚΗ,55.23,44.68,9.7,1153
11401443,GENERALI,ΖΩΗΣ,NA,07/02/2017,07/03/2017,ΑΤΤΙΚΗ,55.23,44.68,9.7,1153
11401443,GENERALI,ΖΩΗΣ,NA,07/06/2017,07/07/2017,ΑΤΤΙΚΗ,55.23,44.68,9.7,1153
11401443,GENERALI,ΖΩΗΣ,NA,07/03/2017,07/04/2017,ΑΤΤΙΚΗ,55.23,44.68,9.7,1153
11401443,GENERALI,ΖΩΗΣ,NA,07/10/2017,07/11/2017,ΑΤΤΙΚΗ,58.28,47.09,9.28,1153
11419606,GENERALI,ΖΩΗΣ,NA,12/09/2017,12/10/2017,ΑΤΤΙΚΗ,50.07,40.09,7.56,938
11419606,GENERALI,ΖΩΗΣ,NA,12/12/2017,12/01/2018,ΑΤΤΙΚΗ,50.07,40.09,7.69,938
11419606,GENERALI,ΖΩΗΣ,NA,12/10/2017,12/11/2017,ΑΤΤΙΚΗ,50.07,40.09,7.56,938
11419606,GENERALI,ΖΩΗΣ,NA,12/01/2017,12/02/2017,ΑΤΤΙΚΗ,47.11,37.76,8.11,938
11419606,GENERALI,ΖΩΗΣ,NA,12/11/2017,12/12/2017,ΑΤΤΙΚΗ,50.07,40.09,7.69,938
11419606,GENERALI,ΖΩΗΣ,NA,12/06/2017,12/07/2017,ΑΤΤΙΚΗ,47.11,37.76,8.11,938
11419606,GENERALI,ΖΩΗΣ,NA,12/02/2017,12/03/2017,ΑΤΤΙΚΗ,47.11,37.76,8.11,938
11419606,GENERALI,ΖΩΗΣ,NA,12/05/2017,12/06/2017,ΑΤΤΙΚΗ,47.11,37.76,8.11,938
11419606,GENERALI,ΖΩΗΣ,NA,12/07/2017,12/08/2017,ΑΤΤΙΚΗ,47.11,37.76,8.11,938
11419606,GENERALI,ΖΩΗΣ,NA,12/08/2017,12/09/2017,ΑΤΤΙΚΗ,50.07,40.09,7.56,938
11419606,GENERALI,ΖΩΗΣ,NA,12/04/2017,12/05/2017,ΑΤΤΙΚΗ,47.11,37.76,8.11,938
11419606,GENERALI,ΖΩΗΣ,NA,12/03/2017,12/04/2017,ΑΤΤΙΚΗ,47.11,37.76,8.11,938
7190061634,PRIME INSURANCE,ΑΥΤΟΚΙΝΗΤΩΝ,ΖΥΑ2408,21/07/2017,21/07/2018,NA,153.71,104.7,20.94,841
7190066132,PRIME INSURANCE,ΑΥΤΟΚΙΝΗΤΩΝ,ΙΖΟ8076,23/08/2017,23/02/2018,ΑΧΑΪΑΣ,144.92,99.21,18.57,450
1325792,ΑΤΛΑΝΤΙΚΗ ΕΝΩΣΗ,ΑΥΤΟΚΙΝΗΤΩΝ,ΟΥΜ148,12/07/2017,12/10/2017,ΑΤΤΙΚΗ,54,34.09,6.09,356
1325792,ΑΤΛΑΝΤΙΚΗ ΕΝΩΣΗ,ΑΥΤΟΚΙΝΗΤΩΝ,ΟΥΜ148,12/04/2017,12/07/2017,ΑΤΤΙΚΗ,53.5,34.06,6.09,356
6168943,GROUPAMA,ΠΥΡΟΣ,NA,04/10/2017,04/10/2018,ΑΤΤΙΚΗ,70.33,50.94,12.23,152
19.211397510000001,INTERLIFE ΑΣΦΑΛΙΣΤΙΚΗ,ΑΥΤΟΚΙΝΗΤΩΝ,ΙΡΒ0374,09/09/2017,09/09/2018,ΚΥΚΛΑΔΩΝ,113.78,78.25,16.43,87
31261270,ΙΝΤΕΡΑΜΕΡΙΚΑΝ,ΑΥΤΟΚΙΝΗΤΩΝ,ΟΖΧ635,19/08/2017,19/08/2018,ΑΤΤΙΚΗ,85.34,58.68,11.74,1992
7190046724,PRIME INSURANCE,ΑΥΤΟΚΙΝΗΤΩΝ,ΜΥΒ8843,04/11/2017,04/05/2018,ΛΕΣΒΟΥ,77.76,52.83,10.57,1214
7190046724,PRIME INSURANCE,ΑΥΤΟΚΙΝΗΤΩΝ,ΜΥΒ8843,04/05/2017,04/11/2017,ΛΕΣΒΟΥ,77.12,52.39,10.48,1214
19.21066948,INTERLIFE ΑΣΦΑΛΙΣΤΙΚΗ,ΑΥΤΟΚΙΝΗΤΩΝ,ΟΑΒ866,05/07/2017,05/01/2018,ΑΤΤΙΚΗ,65.77,45.25,9.5,664
ΕΤ0092,ΣΥΝΕΤΑΙΡΙΣΤΙΚΗ,ΑΥΤΟΚΙΝΗΤΩΝ,ΥΙΒ5857,05/07/2017,05/10/2017,ΑΤΤΙΚΗ,54,36.41,7.28,664
59663377,ΕΘΝΙΚΗ Ασφαλιστική,ΑΥΤΟΚΙΝΗΤΩΝ,ΖΖΜ2141,05/07/2017,05/10/2017,ΑΤΤΙΚΗ,59.11,42.02,9.66,664
59663377,ΕΘΝΙΚΗ Ασφαλιστική,ΟΔΙΚΗΣ ΒΟΗΘΕΙΑΣ,ΖΖΜ2141,05/07/2017,05/10/2017,ΑΤΤΙΚΗ,0.92,0.8,0.06,664
ΡΝ6095,ΣΥΝΕΤΑΙΡΙΣΤΙΚΗ,ΑΥΤΟΚΙΝΗΤΩΝ,ΥΟΟ8663,09/01/2017,09/04/2017,ΑΤΤΙΚΗ,61.5,41.65,8.33,1481
ΡΣ7599,ΣΥΝΕΤΑΙΡΙΣΤΙΚΗ,ΑΥΤΟΚΙΝΗΤΩΝ,ΥΟΟ8663,09/07/2017,09/10/2017,ΑΤΤΙΚΗ,61.5,41.65,8.33,1481
ΡΠ1065,ΣΥΝΕΤΑΙΡΙΣΤΙΚΗ,ΑΥΤΟΚΙΝΗΤΩΝ,ΥΟΟ8663,09/04/2017,09/07/2017,ΑΤΤΙΚΗ,61.5,41.65,8.33,1481
ΡΦ6645,ΣΥΝΕΤΑΙΡΙΣΤΙΚΗ,ΑΥΤΟΚΙΝΗΤΩΝ,ΥΟΟ8663,09/10/2017,09/01/2018,ΑΤΤΙΚΗ,61.5,41.65,8.33,1481
11515826,GENERALI,ΖΩΗΣ,NA,21/03/2017,21/09/2017,ΑΤΤΙΚΗ,192.15,154.97,36.59,1279
11515826,GENERALI,ΖΩΗΣ,NA,21/09/2017,21/03/2018,ΑΤΤΙΚΗ,192.15,154.97,36.59,1279
7199821116,INTERASCO,ΑΥΤΟΚΙΝΗΤΩΝ,ΙΤΒ4708,26/10/2017,26/10/2018,ΑΤΤΙΚΗ,246.14,162.27,32.45,1279
213348626,ΙΝΤΕΡΣΑΛΟΝΙΚΑ,ΑΥΤΟΚΙΝΗΤΩΝ,ΖΖΙ9706,17/03/2017,17/06/2017,ΑΙΤΩΛΟΚΑΡΝΑΝΙΑ,60,40.17,8.03,302
11526996,GENERALI,ΖΩΗΣ,NA,18/11/2017,18/12/2017,ΑΤΤΙΚΗ,53.33,42.66,9.74,1937
11526996,GENERALI,ΖΩΗΣ,NA,18/07/2017,18/08/2017,ΑΤΤΙΚΗ,53.33,42.66,9.74,1937
11526996,GENERALI,ΖΩΗΣ,NA,18/06/2017,18/07/2017,ΑΤΤΙΚΗ,53.33,42.66,9.74,1937
11526996,GENERALI,ΖΩΗΣ,NA,18/04/2017,18/05/2017,ΑΤΤΙΚΗ,53.33,42.66,9.74,1937
11526996,GENERALI,ΖΩΗΣ,NA,18/10/2017,18/11/2017,ΑΤΤΙΚΗ,53.339999999999996,42.669999999999995,9.74,1937
11526996,GENERALI,ΖΩΗΣ,NA,18/09/2017,18/10/2017,ΑΤΤΙΚΗ,53.33,42.66,9.74,1937
11526996,GENERALI,ΖΩΗΣ,NA,18/12/2017,18/01/2018,ΑΤΤΙΚΗ,53.33,42.66,9.74,1937
11526996,GENERALI,ΖΩΗΣ,NA,18/05/2017,18/06/2017,ΑΤΤΙΚΗ,53.33,42.66,9.74,1937
11526996,GENERALI,ΖΩΗΣ,NA,18/08/2017,18/09/2017,ΑΤΤΙΚΗ,53.33,42.66,9.74,1937
21514410,ALLIANZ,ΑΥΤΟΚΙΝΗΤΩΝ,ΑΙΜ2858,01/12/2017,01/06/2018,ΑΤΤΙΚΗ,175.93,123.86,23.53,215
213787837,ΙΝΤΕΡΣΑΛΟΝΙΚΑ,ΑΥΤΟΚΙΝΗΤΩΝ,ΟΟΑ0107,26/12/2017,26/12/2018,ΑΙΤΩΛΟΚΑΡΝΑΝΙΑ,132,89.57,17.91,515
7199808655,INTERASCO,ΑΥΤΟΚΙΝΗΤΩΝ,ΙΖΒ1298,10/04/2017,10/10/2017,ΚΥΚΛΑΔΩΝ,100.13,65.88,13.18,887
213724303,ΙΝΤΕΡΣΑΛΟΝΙΚΑ,ΑΥΤΟΚΙΝΗΤΩΝ,ΖΥΤ8858,27/10/2017,27/01/2018,ΑΤΤΙΚΗ,67,45.32,9.06,754
19013067281,ΙΝΤΕΡΣΑΛΟΝΙΚΑ,ΑΥΤΟΚΙΝΗΤΩΝ,ΖΖΚ7207,06/06/2017,06/12/2017,ΑΤΤΙΚΗ,142,96.17,19.23,754
5043898,Eurolife FFH,ΑΥΤΟΚΙΝΗΤΩΝ,ΑΤΗ0848,24/06/2017,24/09/2017,ΤΡΙΚΑΛΩΝ,18.33,12.56,2.51,944
19013121494,ΙΝΤΕΡΣΑΛΟΝΙΚΑ,ΑΥΤΟΚΙΝΗΤΩΝ,ΙΟΧ1615,14/01/2017,14/07/2017,ΑΤΤΙΚΗ,196,133.67,26.73,1865
19013121494,ΙΝΤΕΡΣΑΛΟΝΙΚΑ,ΑΥΤΟΚΙΝΗΤΩΝ,ΙΟΧ1615,14/07/2017,14/01/2018,ΑΤΤΙΚΗ,190,129.25,25.85,1865
7190054167,PRIME INSURANCE,ΑΥΤΟΚΙΝΗΤΩΝ,ΙΝΡ0035,30/06/2017,30/12/2017,ΑΤΤΙΚΗ,80.55,54.71,10.94,542
213621908,ΙΝΤΕΡΣΑΛΟΝΙΚΑ,ΑΥΤΟΚΙΝΗΤΩΝ,ΥΖΗ3348,05/08/2017,05/02/2018,ΑΤΤΙΚΗ,142,96.17,19.23,28
19.211883010000001,INTERLIFE ΑΣΦΑΛΙΣΤΙΚΗ,ΑΥΤΟΚΙΝΗΤΩΝ,ΤΗΑ766,01/11/2017,01/05/2018,ΑΤΤΙΚΗ,87.77,60.57,12.72,28
59283077,ΕΘΝΙΚΗ Ασφαλιστική,ΟΔΙΚΗΣ ΒΟΗΘΕΙΑΣ,ΧΡΖ380,20/02/2017,20/05/2017,ΚΕΡΚΥΡΑΣ,0.92,0.8,0.06,2007
7190053493,PRIME INSURANCE,ΑΥΤΟΚΙΝΗΤΩΝ,ΚΡΕ0003,24/06/2017,24/12/2017,ΚΕΡΚΥΡΑΣ,31.16,21.23,4.25,2007
7190053493,PRIME INSURANCE,ΑΥΤΟΚΙΝΗΤΩΝ,ΚΡΕ0003,24/12/2017,24/06/2018,ΚΕΡΚΥΡΑΣ,31.79,21.67,4.33,2007
59283077,ΕΘΝΙΚΗ Ασφαλιστική,ΑΥΤΟΚΙΝΗΤΩΝ,ΧΡΖ380,20/02/2017,20/05/2017,ΚΕΡΚΥΡΑΣ,31.54,22.44,5.16,2007
19.211789639999999,INTERLIFE ΑΣΦΑΛΙΣΤΙΚΗ,ΑΥΤΟΚΙΝΗΤΩΝ,ΑΟΥ0003,24/10/2017,24/01/2018,ΑΧΑΪΑΣ,41.38,28.44,5.97,1963
19.210311919999999,INTERLIFE ΑΣΦΑΛΙΣΤΙΚΗ,ΑΥΤΟΚΙΝΗΤΩΝ,ΧΤΝ0354,19/06/2017,19/12/2017,ΑΤΤΙΚΗ,43.71,30.07,6.31,231
4274,ΣΥΝΕΤΑΙΡΙΣΤΙΚΗ,ΖΩΗΣ,NA,15/11/2017,15/11/2018,ΑΤΤΙΚΗ,456.14,383.86,65.95,692
11556416,GENERALI,ΑΥΤΟΚΙΝΗΤΩΝ,ΑΖΚ5560,03/07/2017,03/01/2018,ΑΤΤΙΚΗ,36.87,25.17,5.03,6
1310943,ΑΤΛΑΝΤΙΚΗ ΕΝΩΣΗ,ΑΥΤΟΚΙΝΗΤΩΝ,ΟΖΟ0109,09/02/2017,09/05/2017,ΑΤΤΙΚΗ,47,29.53,5.91,437
1373033,ΑΤΛΑΝΤΙΚΗ ΕΝΩΣΗ,ΑΥΤΟΚΙΝΗΤΩΝ,ΝΝΝ720,20/10/2017,20/01/2018,ΑΤΤΙΚΗ,47,29.53,5.91,437
19.211556399999999,INTERLIFE ΑΣΦΑΛΙΣΤΙΚΗ,ΑΥΤΟΚΙΝΗΤΩΝ,ΟΙΝ0364,26/09/2017,26/03/2018,ΑΤΤΙΚΗ,71.64,49.49,10.39,1960
ΡΣ1999,ΣΥΝΕΤΑΙΡΙΣΤΙΚΗ,ΑΥΤΟΚΙΝΗΤΩΝ,ΑΙΜ7557,29/06/2017,29/12/2017,NA,82,56.23,11.25,1930
213795116,ΙΝΤΕΡΣΑΛΟΝΙΚΑ,ΑΥΤΟΚΙΝΗΤΩΝ,ΑΙΜ7557,29/12/2017,29/06/2018,NA,91,61.54,12.31,1930
19013261863,ΙΝΤΕΡΣΑΛΟΝΙΚΑ,ΑΥΤΟΚΙΝΗΤΩΝ,ΖΥΟ8503,09/05/2017,09/11/2017,ΑΤΤΙΚΗ,132,89.26,17.85,467
19013318050,ΙΝΤΕΡΣΑΛΟΝΙΚΑ,ΑΥΤΟΚΙΝΗΤΩΝ,ΥΒΜ5332,23/06/2017,23/12/2017,NA,145,98.15,19.63,1887
31250255,ΙΝΤΕΡΑΜΕΡΙΚΑΝ,ΑΥΤΟΚΙΝΗΤΩΝ,ΙΟΙ2201,01/08/2017,01/08/2018,NA,129.63,88.62,17.72,68
103042958,ALLIANZ ΕΥΡΩΠΑΙΚΗ ΠΙΣΤΗ,ΑΥΤΟΚΙΝΗΤΩΝ,ΙΚΕ4179,17/10/2017,17/01/2018,NA,85.88,57.52,11.5,339
1338660,ΑΤΛΑΝΤΙΚΗ ΕΝΩΣΗ,ΑΥΤΟΚΙΝΗΤΩΝ,ΑΑΙ863,08/06/2017,08/09/2017,ΑΤΤΙΚΗ,47,29.53,5.91,300
31294217,ΙΝΤΕΡΑΜΕΡΙΚΑΝ,ΑΥΤΟΚΙΝΗΤΩΝ,ΥΒΤ1134,06/10/2017,06/04/2018,ΑΤΤΙΚΗ,97.52,66.86,13.37,1902
30719006402,ΑΓΡΟΤΙΚΗ ΑΣΦΑΛΙΣΤΙΚΗ,ΑΥΤΟΚΙΝΗΤΩΝ,ΖΜΑ3148,15/01/2017,15/07/2017,ΑΤΤΙΚΗ,280.46,192.44,23.58,1902
09000206674,ERGO A.A.E.Z,ΑΥΤΟΚΙΝΗΤΩΝ,ΖΜΑ3148,15/07/2017,15/01/2018,ΑΤΤΙΚΗ,278,197.58,41.74,1902
31350716,ΙΝΤΕΡΑΜΕΡΙΚΑΝ,ΑΥΤΟΚΙΝΗΤΩΝ,ΒΧΝ870,12/12/2017,12/12/2018,ΑΤΤΙΚΗ,84.28,57.95,11.59,1902
ΡΠ0819,ΣΥΝΕΤΑΙΡΙΣΤΙΚΗ,ΑΥΤΟΚΙΝΗΤΩΝ,ΥΒΤ1134,06/04/2017,06/10/2017,ΑΤΤΙΚΗ,155.5,108.39,21.68,1902
31348785,ΙΝΤΕΡΑΜΕΡΙΚΑΝ,ΑΥΤΟΚΙΝΗΤΩΝ,ΙΜΖ5556,12/12/2017,12/12/2018,ΑΤΤΙΚΗ,317.43,217.6,43.51,1999
31348785,ΙΝΤΕΡΑΜΕΡΙΚΑΝ,ΑΥΤΟΚΙΝΗΤΩΝ,ΙΜΖ5556,21/12/2017,12/12/2018,ΑΤΤΙΚΗ,7.41,5.1,1.02,1999
19013561368,ΙΝΤΕΡΣΑΛΟΝΙΚΑ,ΑΥΤΟΚΙΝΗΤΩΝ,ΙΒΝ7981,08/12/2017,08/03/2018,ΑΤΤΙΚΗ,67,45.4,9.08,53
19013561368,ΙΝΤΕΡΣΑΛΟΝΙΚΑ,ΑΥΤΟΚΙΝΗΤΩΝ,ΙΒΝ7981,08/09/2017,08/12/2017,ΑΤΤΙΚΗ,67,45.4,9.08,53
213492409,ΙΝΤΕΡΣΑΛΟΝΙΚΑ,ΑΥΤΟΚΙΝΗΤΩΝ,ΙΒΝ7981,08/06/2017,08/09/2017,ΑΤΤΙΚΗ,67,45.4,9.08,53
213327680,ΙΝΤΕΡΣΑΛΟΝΙΚΑ,ΑΥΤΟΚΙΝΗΤΩΝ,ΙΒΝ7981,05/03/2017,05/06/2017,ΑΤΤΙΚΗ,67,45.4,9.08,53
19.211894770000001,INTERLIFE ΑΣΦΑΛΙΣΤΙΚΗ,ΑΥΤΟΚΙΝΗΤΩΝ,ΖΡΖ985,02/11/2017,02/05/2018,ΑΤΤΙΚΗ,45.46,31.27,6.57,1810
19.210935800000001,INTERLIFE ΑΣΦΑΛΙΣΤΙΚΗ,ΑΥΤΟΚΙΝΗΤΩΝ,ΟΒΟ569,14/10/2017,14/01/2018,ΑΤΤΙΚΗ,28.25,19.42,4.08,1956
19.210935800000001,INTERLIFE ΑΣΦΑΛΙΣΤΙΚΗ,ΑΥΤΟΚΙΝΗΤΩΝ,ΟΒΟ569,14/07/2017,14/10/2017,ΑΤΤΙΚΗ,28.47,19.58,4.11,1956
19.210932620000001,INTERLIFE ΑΣΦΑΛΙΣΤΙΚΗ,ΑΥΤΟΚΙΝΗΤΩΝ,ΥΤΟ0431,14/10/2017,14/01/2018,ΑΤΤΙΚΗ,23.87,16.42,3.45,1596
19.210932620000001,INTERLIFE ΑΣΦΑΛΙΣΤΙΚΗ,ΑΥΤΟΚΙΝΗΤΩΝ,ΥΤΟ0431,14/07/2017,14/10/2017,ΑΤΤΙΚΗ,22.93,15.78,3.31,1596
19.21091062,INTERLIFE ΑΣΦΑΛΙΣΤΙΚΗ,ΑΥΤΟΚΙΝΗΤΩΝ,ΧΕΥ0697,13/10/2017,13/01/2018,ΑΤΤΙΚΗ,28.25,19.42,4.08,1596
19.21091062,INTERLIFE ΑΣΦΑΛΙΣΤΙΚΗ,ΑΥΤΟΚΙΝΗΤΩΝ,ΧΕΥ0697,13/07/2017,13/10/2017,ΑΤΤΙΚΗ,28.47,19.58,4.11,1596
19.210621289999999,INTERLIFE ΑΣΦΑΛΙΣΤΙΚΗ,ΑΥΤΟΚΙΝΗΤΩΝ,ΜΥΜ0393,04/07/2017,04/01/2018,ΛΕΣΒΟΥ,33.15,22.83,4.79,1955
213361244,ΙΝΤΕΡΣΑΛΟΝΙΚΑ,ΑΥΤΟΚΙΝΗΤΩΝ,ΟΥΜ0002,27/03/2017,27/03/2018,ΑΤΤΙΚΗ,173,117.39,23.48,1976
19012885510,ΙΝΤΕΡΣΑΛΟΝΙΚΑ,ΑΥΤΟΚΙΝΗΤΩΝ,ΥΝΜ1680,14/02/2017,14/08/2017,ΑΤΤΙΚΗ,111,75.11,15.02,42
19012885510,ΙΝΤΕΡΣΑΛΟΝΙΚΑ,ΑΥΤΟΚΙΝΗΤΩΝ,ΥΝΜ1680,14/08/2017,14/02/2018,ΑΤΤΙΚΗ,111,75.11,15.02,42
7199801702,INTERASCO,ΑΥΤΟΚΙΝΗΤΩΝ,ΙΟΟ6256,17/01/2017,17/01/2018,ΑΤΤΙΚΗ,174.63,114.65,22.93,1118
ΡΧ2152,ΣΥΝΕΤΑΙΡΙΣΤΙΚΗ,ΑΥΤΟΚΙΝΗΤΩΝ,ΑΙΜ9616,26/10/2017,26/01/2018,ΑΙΤΩΛΟΚΑΡΝΑΝΙΑ,52.5,35.47,7.09,785
ΕΤ5217,ΣΥΝΕΤΑΙΡΙΣΤΙΚΗ,ΑΥΤΟΚΙΝΗΤΩΝ,ΑΙΜ9616,26/07/2017,26/10/2017,ΑΙΤΩΛΟΚΑΡΝΑΝΙΑ,52.5,35.47,7.09,785
02039966392,ERGO A.A.E.Z,ΑΥΤΟΚΙΝΗΤΩΝ,ΑΙΕ2380,05/07/2017,05/10/2017,ΑΙΤΩΛΟΚΑΡΝΑΝΙΑ,62,42.14,9.27,785
1354551,ΑΤΛΑΝΤΙΚΗ ΕΝΩΣΗ,ΑΥΤΟΚΙΝΗΤΩΝ,ΑΙΚ8137,19/10/2017,19/01/2018,ΑΙΤΩΛΟΚΑΡΝΑΝΙΑ,67.5,43.02,8.6,785
1354551,ΑΤΛΑΝΤΙΚΗ ΕΝΩΣΗ,ΑΥΤΟΚΙΝΗΤΩΝ,ΑΙΚ8137,19/07/2017,19/10/2017,ΑΙΤΩΛΟΚΑΡΝΑΝΙΑ,67.5,43,8.6,785
02039966392,ERGO A.A.E.Z,ΑΥΤΟΚΙΝΗΤΩΝ,ΑΙΕ2380,05/10/2017,05/01/2018,ΑΙΤΩΛΟΚΑΡΝΑΝΙΑ,62,42.14,9.27,785
11614853,GENERALI,ΖΩΗΣ,NA,19/12/2017,19/01/2018,ΑΤΤΙΚΗ,52.42,13.99,2.38,1943
11521818,GENERALI,ΖΩΗΣ,NA,04/09/2017,04/10/2017,ΑΤΤΙΚΗ,32.81,25.95,4.41,758
11521818,GENERALI,ΖΩΗΣ,NA,04/08/2017,04/09/2017,ΑΤΤΙΚΗ,32.81,25.95,4.41,758
11521818,GENERALI,ΖΩΗΣ,NA,04/06/2017,04/07/2017,ΑΤΤΙΚΗ,32.81,25.95,4.41,758
11341377,GENERALI,ΖΩΗΣ,NA,07/08/2017,07/09/2017,ΑΤΤΙΚΗ,19.37,15.47,2.73,758
11362276,GENERALI,ΖΩΗΣ,NA,18/03/2017,18/04/2017,ΑΤΤΙΚΗ,17.32,13.84,2.44,758
11521818,GENERALI,ΖΩΗΣ,NA,04/12/2017,04/01/2018,ΑΤΤΙΚΗ,32.81,25.95,4.41,758
7190048911,PRIME INSURANCE,ΑΥΤΟΚΙΝΗΤΩΝ,ΖΜΜ4827,31/08/2017,30/11/2017,ΑΤΤΙΚΗ,46.3,31.44,6.29,758
7190048911,PRIME INSURANCE,ΑΥΤΟΚΙΝΗΤΩΝ,ΖΜΜ4827,31/05/2017,31/08/2017,ΑΤΤΙΚΗ,46.42,31.53,6.31,758
11362276,GENERALI,ΖΩΗΣ,NA,18/02/2017,18/03/2017,ΑΤΤΙΚΗ,17.32,13.84,2.44,758
11362276,GENERALI,ΖΩΗΣ,NA,18/01/2017,18/02/2017,ΑΤΤΙΚΗ,17.32,13.84,2.44,758
11521818,GENERALI,ΖΩΗΣ,NA,04/07/2017,04/08/2017,ΑΤΤΙΚΗ,32.81,25.95,4.41,758
11341377,GENERALI,ΖΩΗΣ,NA,07/06/2017,07/07/2017,ΑΤΤΙΚΗ,19.37,15.47,2.73,758
7190048911,PRIME INSURANCE,ΑΥΤΟΚΙΝΗΤΩΝ,ΖΜΜ4827,30/11/2017,28/02/2018,ΑΤΤΙΚΗ,46.1,31.31,6.26,758
11362276,GENERALI,ΖΩΗΣ,NA,18/11/2017,18/12/2017,ΑΤΤΙΚΗ,17.81,14.24,2.27,758
11341377,GENERALI,ΖΩΗΣ,NA,07/10/2017,07/11/2017,ΑΤΤΙΚΗ,19.380000000000003,15.48,2.5100000000000002,758
11341377,GENERALI,ΖΩΗΣ,NA,07/05/2017,07/06/2017,ΑΤΤΙΚΗ,19.37,15.47,2.73,758
11362276,GENERALI,ΖΩΗΣ,NA,18/12/2017,18/01/2018,ΑΤΤΙΚΗ,17.81,14.24,2.26,758
11521818,GENERALI,ΖΩΗΣ,NA,04/05/2017,04/06/2017,ΑΤΤΙΚΗ,32.81,25.95,4.41,758
11362276,GENERALI,ΖΩΗΣ,NA,18/10/2017,18/11/2017,ΑΤΤΙΚΗ,17.82,14.25,2.2600000000000002,758
5600,LLOYDS,ΑΣΤΙΚΗΣ ΕΥΘΥΝΗΣ,NA,24/06/2017,24/06/2018,ΑΤΤΙΚΗ,148.5,129.13,0,758
11574885,GENERALI,ΖΩΗΣ,NA,23/10/2017,23/11/2017,ΑΤΤΙΚΗ,38.69,31.09,7.81,758
11574885,GENERALI,ΖΩΗΣ,NA,23/12/2017,23/01/2018,ΑΤΤΙΚΗ,38.68,31.08,7.36,758
11362276,GENERALI,ΖΩΗΣ,NA,18/08/2017,18/09/2017,ΑΤΤΙΚΗ,17.81,14.24,2.51,758
11574885,GENERALI,ΖΩΗΣ,NA,23/09/2017,23/10/2017,ΑΤΤΙΚΗ,38.68,31.08,7.36,758
11574885,GENERALI,ΖΩΗΣ,NA,23/08/2017,23/09/2017,ΑΤΤΙΚΗ,38.68,31.08,7.36,758
11341377,GENERALI,ΖΩΗΣ,NA,07/07/2017,07/08/2017,ΑΤΤΙΚΗ,19.37,15.47,2.73,758
11574885,GENERALI,ΖΩΗΣ,NA,23/11/2017,23/12/2017,ΑΤΤΙΚΗ,38.68,31.08,7.36,758
11362276,GENERALI,ΖΩΗΣ,NA,18/05/2017,18/06/2017,ΑΤΤΙΚΗ,17.81,14.24,2.51,758
11341377,GENERALI,ΖΩΗΣ,NA,07/02/2017,07/03/2017,ΑΤΤΙΚΗ,18.82,15.03,2.65,758
11521818,GENERALI,ΖΩΗΣ,NA,04/11/2017,04/12/2017,ΑΤΤΙΚΗ,32.81,25.95,4.41,758
11362276,GENERALI,ΖΩΗΣ,NA,18/09/2017,18/10/2017,ΑΤΤΙΚΗ,17.81,14.24,2.26,758
11341377,GENERALI,ΖΩΗΣ,NA,07/04/2017,07/05/2017,ΑΤΤΙΚΗ,19.37,15.47,2.73,758
1000815869,Eurolife FFH,ΖΩΗΣ,NA,06/11/2017,06/12/2017,ΑΤΤΙΚΗ,33.82,33.45,12.23,758
1000815869,Eurolife FFH,ΖΩΗΣ,NA,06/12/2017,06/01/2018,ΑΤΤΙΚΗ,33.82,33.45,12.23,758
11341377,GENERALI,ΖΩΗΣ,NA,07/09/2017,07/10/2017,ΑΤΤΙΚΗ,19.37,15.47,2.51,758
11341377,GENERALI,ΖΩΗΣ,NA,07/01/2017,07/02/2017,ΑΤΤΙΚΗ,18.82,15.03,2.65,758
19013120670,ΙΝΤΕΡΣΑΛΟΝΙΚΑ,ΑΥΤΟΚΙΝΗΤΩΝ,ΖΜΜ4827,14/01/2017,14/04/2017,ΑΤΤΙΚΗ,61,40.95,8.19,758
11341377,GENERALI,ΖΩΗΣ,NA,07/03/2017,07/04/2017,ΑΤΤΙΚΗ,19.37,15.47,2.73,758
11521818,GENERALI,ΖΩΗΣ,NA,04/04/2017,04/05/2017,ΑΤΤΙΚΗ,67.54,25.95,4.41,758
11362276,GENERALI,ΖΩΗΣ,NA,18/06/2017,18/07/2017,ΑΤΤΙΚΗ,17.81,14.24,2.51,758
11341377,GENERALI,ΖΩΗΣ,NA,07/12/2017,07/01/2018,ΑΤΤΙΚΗ,19.37,15.47,2.46,758
11521818,GENERALI,ΖΩΗΣ,NA,04/10/2017,04/11/2017,ΑΤΤΙΚΗ,32.82,25.96,4.41,758
11362276,GENERALI,ΖΩΗΣ,NA,18/04/2017,18/05/2017,ΑΤΤΙΚΗ,17.81,14.24,2.51,758
11341377,GENERALI,ΖΩΗΣ,NA,07/11/2017,07/12/2017,ΑΤΤΙΚΗ,19.37,15.47,2.46,758
11362276,GENERALI,ΖΩΗΣ,NA,18/07/2017,18/08/2017,ΑΤΤΙΚΗ,17.81,14.24,2.51,758
1000815869,Eurolife FFH,ΖΩΗΣ,NA,06/10/2017,06/11/2017,ΑΤΤΙΚΗ,42.48,33.45,13.2,758
7199803095,INTERASCO,ΑΥΤΟΚΙΝΗΤΩΝ,ΙΡΤ7967,06/02/2017,06/02/2018,ΑΤΤΙΚΗ,241.18,158.67,31.73,758
30607250,ΙΝΤΕΡΑΜΕΡΙΚΑΝ,ΑΥΤΟΚΙΝΗΤΩΝ,ΑΑΑ976,16/03/2017,16/03/2018,ΑΧΑΪΑΣ,66.15,45.52,9.1,1898
19.211836859999998,INTERLIFE ΑΣΦΑΛΙΣΤΙΚΗ,ΑΥΤΟΚΙΝΗΤΩΝ,ΑΙΤ967,26/10/2017,26/01/2018,ΑΙΤΩΛΟΚΑΡΝΑΝΙΑ,20.16,13.86,2.91,1653
70022248,ΙΝΤΕΡΑΜΕΡΙΚΑΝ,ΤΑΞΙΔΙΩΤΙΚΟ ΑΤΥΧΗΜΑ,NA,22/12/2017,07/01/2018,ΑΤΤΙΚΗ,32,23.19,3.01,2016
6133803,GROUPAMA,ΖΩΗΣ,NA,18/06/2017,18/09/2017,ΑΤΤΙΚΗ,115.71,98.41,11.91,343
6133803,GROUPAMA,ΖΩΗΣ,NA,18/03/2017,18/06/2017,ΑΤΤΙΚΗ,115.71,98.41,11.91,343
6133803,GROUPAMA,ΖΩΗΣ,NA,18/12/2017,18/03/2018,ΑΤΤΙΚΗ,127.45,108.39,11.1,343
6133803,GROUPAMA,ΖΩΗΣ,NA,18/09/2017,18/12/2017,ΑΤΤΙΚΗ,127.45,108.39,11.1,343
11287316,GENERALI,ΖΩΗΣ,NA,18/06/2017,18/07/2017,NA,33.57,26.55,3.97,203
11287316,GENERALI,ΖΩΗΣ,NA,18/10/2017,18/11/2017,NA,33.57,26.55,3.97,203
11287316,GENERALI,ΖΩΗΣ,NA,18/05/2017,18/06/2017,NA,33.57,26.55,4.51,203
11287316,GENERALI,ΖΩΗΣ,NA,18/08/2017,18/09/2017,NA,33.57,26.55,3.97,203
7199821514,INTERASCO,ΑΥΤΟΚΙΝΗΤΩΝ,ΙΤΝ7013,03/11/2017,02/11/2018,NA,52.9,34.93,6.99,203
11287316,GENERALI,ΖΩΗΣ,NA,18/07/2017,18/08/2017,NA,33.57,26.55,3.97,203
11287316,GENERALI,ΖΩΗΣ,NA,18/09/2017,18/10/2017,NA,33.57,26.55,3.97,203
11287316,GENERALI,ΖΩΗΣ,NA,18/01/2017,18/02/2017,NA,33.57,26.55,4.51,203
11287316,GENERALI,ΖΩΗΣ,NA,18/11/2017,18/12/2017,NA,35.06,27.72,3.88,203
11287316,GENERALI,ΖΩΗΣ,NA,18/03/2017,18/04/2017,NA,33.57,26.55,4.51,203
11287316,GENERALI,ΖΩΗΣ,NA,18/02/2017,18/03/2017,NA,33.57,26.55,4.51,203
11287316,GENERALI,ΖΩΗΣ,NA,18/12/2017,18/01/2018,NA,35.06,27.72,3.88,203
7199821514,INTERASCO,ΑΥΤΟΚΙΝΗΤΩΝ,ΙΤΝ7013,02/11/2017,02/11/2018,NA,234.35,154.49,30.9,203
11287316,GENERALI,ΖΩΗΣ,NA,18/04/2017,18/05/2017,NA,33.57,26.55,4.51,203
7190052898,PRIME INSURANCE,ΑΥΤΟΚΙΝΗΤΩΝ,ΖΖΟ7355,23/06/2017,23/12/2017,ΑΙΤΩΛΟΚΑΡΝΑΝΙΑ,91.15,62.08,12.42,2009
60024387,ΕΘΝΙΚΗ Ασφαλιστική,ΟΔΙΚΗΣ ΒΟΗΘΕΙΑΣ,ΖΖΟ7355,23/12/2017,23/06/2018,ΑΙΤΩΛΟΚΑΡΝΑΝΙΑ,20.91,18.18,1.27,2009
60024387,ΕΘΝΙΚΗ Ασφαλιστική,ΑΥΤΟΚΙΝΗΤΩΝ,ΖΖΟ7355,23/12/2017,23/06/2018,ΑΙΤΩΛΟΚΑΡΝΑΝΙΑ,85.69,61.06,14.04,2009
19.211621170000001,INTERLIFE ΑΣΦΑΛΙΣΤΙΚΗ,ΑΥΤΟΚΙΝΗΤΩΝ,ΒΧΝ0484,03/10/2017,03/01/2018,ΑΤΤΙΚΗ,36.69,25.24,5.3,1332
7199713608,INTERASCO,ΑΥΤΟΚΙΝΗΤΩΝ,ΥΤΕ9609,04/08/2017,04/08/2018,ΑΤΤΙΚΗ,268.68,177.13,35.43,45
30531382,ΙΝΤΕΡΑΜΕΡΙΚΑΝ,ΑΥΤΟΚΙΝΗΤΩΝ,ΙΚΑ5609,31/12/2017,31/12/2018,ΑΤΤΙΚΗ,248.1,169.83,33.97,1896
19.21130874,INTERLIFE ΑΣΦΑΛΙΣΤΙΚΗ,ΑΥΤΟΚΙΝΗΤΩΝ,ΟΜΒ0126,29/08/2017,28/02/2018,ΑΤΤΙΚΗ,69.89,48.07,10.09,739
19.210378680000002,INTERLIFE ΑΣΦΑΛΙΣΤΙΚΗ,ΑΥΤΟΚΙΝΗΤΩΝ,ΗΒΟ399,22/06/2017,22/09/2017,ΑΤΤΙΚΗ,22.93,15.78,3.31,739
19.21188295,INTERLIFE ΑΣΦΑΛΙΣΤΙΚΗ,ΑΥΤΟΚΙΝΗΤΩΝ,ΟΟΚ554,01/11/2017,01/05/2018,ΑΤΤΙΚΗ,71.65,49.49,10.39,833
31372208,ΙΝΤΕΡΑΜΕΡΙΚΑΝ,ΑΥΤΟΚΙΝΗΤΩΝ,ΙΡΕ6560,31/12/2017,31/12/2018,ΑΤΤΙΚΗ,247.89,169.81,33.96,2001
213751351,ΙΝΤΕΡΣΑΛΟΝΙΚΑ,ΑΥΤΟΚΙΝΗΤΩΝ,ΥΡΧ8013,20/11/2017,20/05/2018,NA,114,76.86,15.37,245
213453328,ΙΝΤΕΡΣΑΛΟΝΙΚΑ,ΑΥΤΟΚΙΝΗΤΩΝ,ΖΥΚ1989,18/05/2017,18/11/2017,ΑΤΤΙΚΗ,116,78.37,15.67,834
19.211264629999999,INTERLIFE ΑΣΦΑΛΙΣΤΙΚΗ,ΑΥΤΟΚΙΝΗΤΩΝ,ΟΝΡ0907,22/08/2017,22/02/2018,ΑΤΤΙΚΗ,63.32,43.77,9.19,834
11462530,GENERALI,ΖΩΗΣ,NA,17/12/2017,17/01/2018,ΑΤΤΙΚΗ,41.45,32.78,3.64,1486
31719010401,ΑΓΡΟΤΙΚΗ ΑΣΦΑΛΙΣΤΙΚΗ,ΑΥΤΟΚΙΝΗΤΩΝ,ΧΗΡ87,28/02/2017,31/08/2017,ΑΤΤΙΚΗ,44.94,30.66,6.13,1933
09000315937,ERGO A.A.E.Z,ΑΥΤΟΚΙΝΗΤΩΝ,ΧΗΡ87,31/08/2017,28/02/2018,ΑΤΤΙΚΗ,44,30.03,5.82,1933
19012744240,ΙΝΤΕΡΣΑΛΟΝΙΚΑ,ΑΥΤΟΚΙΝΗΤΩΝ,ΙΜΑ2444,19/04/2017,19/10/2017,ΑΤΤΙΚΗ,138,93.5,18.7,340
19012744240,ΙΝΤΕΡΣΑΛΟΝΙΚΑ,ΑΥΤΟΚΙΝΗΤΩΝ,ΙΜΑ2444,19/10/2017,19/04/2018,ΑΤΤΙΚΗ,138,93.5,18.7,340
09000190164,ERGO A.A.E.Z,ΑΥΤΟΚΙΝΗΤΩΝ,ΝΗΥ6828,11/07/2017,11/07/2018,ΛΕΣΒΟΥ,158,107.64,23.44,1329
ΕΥ8862,ΣΥΝΕΤΑΙΡΙΣΤΙΚΗ,ΑΥΤΟΚΙΝΗΤΩΝ,ΖΧΙ1657,24/10/2017,24/01/2018,ΛΕΣΒΟΥ,40,26.98,5.4,1858
213509812,ΙΝΤΕΡΣΑΛΟΝΙΚΑ,ΑΥΤΟΚΙΝΗΤΩΝ,ΥΜΙ5566,16/06/2017,16/12/2017,ΑΤΤΙΚΗ,173,117.36,23.47,220
11603413,GENERALI,ΑΥΤΟΚΙΝΗΤΩΝ,ΙΒΝ6995,17/11/2017,17/05/2018,ΑΡΤΑΣ,103.36,70.82,14.16,580
31038224,ΙΝΤΕΡΑΜΕΡΙΚΑΝ,ΑΥΤΟΚΙΝΗΤΩΝ,ΑΤΗ6744,14/07/2017,14/07/2018,NA,64.21,44,8.8,1990
31038224,ΙΝΤΕΡΑΜΕΡΙΚΑΝ,ΑΥΤΟΚΙΝΗΤΩΝ,ΑΤΗ6744,15/01/2017,14/07/2017,NA,34.48,23.62,4.72,1990
102875940,ALLIANZ ΕΥΡΩΠΑΙΚΗ ΠΙΣΤΗ,ΑΥΤΟΚΙΝΗΤΩΝ,ΙΕΖ2996,20/03/2017,20/03/2018,NA,181.39,121.93,24.39,838
7199807162,INTERASCO,ΑΥΤΟΚΙΝΗΤΩΝ,ΥΝΧ2890,29/03/2017,29/03/2018,ΑΤΤΙΚΗ,159.67,104.84,20.97,1167
5013518,Eurolife FFH,ΑΥΤΟΚΙΝΗΤΩΝ,ΖΗΤ3085,07/02/2017,07/08/2017,ΑΤΤΙΚΗ,159.69,109.65,21.93,2004
7190047429,PRIME INSURANCE,ΑΥΤΟΚΙΝΗΤΩΝ,ΜΥΖ7620,12/05/2017,12/05/2018,ΑΤΤΙΚΗ,110.61,75.17,15.03,992
213566978,ΙΝΤΕΡΣΑΛΟΝΙΚΑ,ΑΥΤΟΚΙΝΗΤΩΝ,ΥΤΥ0865,07/07/2017,07/07/2018,ΑΤΤΙΚΗ,123,83.04,16.61,992
1372697,ΑΤΛΑΝΤΙΚΗ ΕΝΩΣΗ,ΑΥΤΟΚΙΝΗΤΩΝ,ΒΙΤ769,19/10/2017,19/01/2018,ΑΤΤΙΚΗ,29.5,18.47,3.69,992
21393670,ALLIANZ,ΑΥΤΟΚΙΝΗΤΩΝ,ΥΡΧ9312,17/03/2017,17/09/2017,ΑΤΤΙΚΗ,251.72,177.03,31.75,1986
21485457,ALLIANZ,ΑΥΤΟΚΙΝΗΤΩΝ,ΥΡΧ9312,18/09/2017,18/03/2018,ΑΤΤΙΚΗ,251.72,177.03,33.64,1986
19.211083070000001,INTERLIFE ΑΣΦΑΛΙΣΤΙΚΗ,ΑΥΤΟΚΙΝΗΤΩΝ,ΟΥΕ122,26/07/2017,26/10/2017,ΑΙΤΩΛΟΚΑΡΝΑΝΙΑ,36.69,25.24,5.3,540
7190045090,PRIME INSURANCE,ΑΥΤΟΚΙΝΗΤΩΝ,ΟΖΚ70,07/04/2017,07/04/2018,ΑΤΤΙΚΗ,118.94,81.59,14.09,1682
19013709974,ΙΝΤΕΡΣΑΛΟΝΙΚΑ,ΑΥΤΟΚΙΝΗΤΩΝ,ΥΚΚ9900,22/10/2017,22/11/2017,ΑΤΤΙΚΗ,24,16.06,3.21,1159
19013709974,ΙΝΤΕΡΣΑΛΟΝΙΚΑ,ΑΥΤΟΚΙΝΗΤΩΝ,ΥΚΚ9900,22/09/2017,22/10/2017,ΑΤΤΙΚΗ,24,16.06,3.21,1159
19013709974,ΙΝΤΕΡΣΑΛΟΝΙΚΑ,ΑΥΤΟΚΙΝΗΤΩΝ,ΥΚΚ9900,22/11/2017,22/02/2018,ΑΤΤΙΚΗ,60,40.17,8.03,1159
213641020,ΙΝΤΕΡΣΑΛΟΝΙΚΑ,ΑΥΤΟΚΙΝΗΤΩΝ,ΥΚΚ9900,22/08/2017,22/09/2017,ΑΤΤΙΚΗ,24,16.06,3.21,1159
11484260,GENERALI,ΖΩΗΣ,NA,09/10/2017,09/11/2017,ΑΤΤΙΚΗ,29.25,23.65,5.56,1389
11484260,GENERALI,ΖΩΗΣ,NA,09/11/2017,09/12/2017,ΑΤΤΙΚΗ,29.25,23.65,5.57,1389
11484260,GENERALI,ΖΩΗΣ,NA,09/07/2017,09/08/2017,ΑΤΤΙΚΗ,29.25,23.65,5.05,1389
11484260,GENERALI,ΖΩΗΣ,NA,09/08/2017,09/09/2017,ΑΤΤΙΚΗ,29.25,23.65,5.56,1389
11484260,GENERALI,ΖΩΗΣ,NA,09/06/2017,09/07/2017,ΑΤΤΙΚΗ,29.25,23.65,5.05,1389
11484260,GENERALI,ΖΩΗΣ,NA,09/09/2017,09/10/2017,ΑΤΤΙΚΗ,29.25,23.65,5.56,1389
11484260,GENERALI,ΖΩΗΣ,NA,09/01/2017,09/02/2017,ΑΤΤΙΚΗ,29.25,23.65,5.05,1389
11484260,GENERALI,ΖΩΗΣ,NA,09/03/2017,09/04/2017,ΑΤΤΙΚΗ,29.25,23.65,5.05,1389
11484260,GENERALI,ΖΩΗΣ,NA,09/12/2017,09/01/2018,ΑΤΤΙΚΗ,29.25,23.65,5.57,1389
11484260,GENERALI,ΖΩΗΣ,NA,09/04/2017,09/05/2017,ΑΤΤΙΚΗ,29.25,23.65,5.05,1389
11484260,GENERALI,ΖΩΗΣ,NA,09/05/2017,09/06/2017,ΑΤΤΙΚΗ,29.25,23.65,5.05,1389
11484260,GENERALI,ΖΩΗΣ,NA,09/02/2017,09/03/2017,ΑΤΤΙΚΗ,29.25,23.65,5.05,1389
11468994,GENERALI,ΖΩΗΣ,NA,02/12/2017,02/01/2018,ΑΤΤΙΚΗ,29.44,23.8,4.63,246
11468994,GENERALI,ΖΩΗΣ,NA,02/05/2017,02/06/2017,ΑΤΤΙΚΗ,28.41,22.99,4.89,246
11468994,GENERALI,ΖΩΗΣ,NA,02/08/2017,02/09/2017,ΑΤΤΙΚΗ,28.41,22.99,5.41,246
11468994,GENERALI,ΖΩΗΣ,NA,02/10/2017,02/11/2017,ΑΤΤΙΚΗ,28.41,22.99,5.41,246
11468994,GENERALI,ΖΩΗΣ,NA,02/04/2017,02/05/2017,ΑΤΤΙΚΗ,28.41,22.99,4.89,246
11468994,GENERALI,ΖΩΗΣ,NA,02/06/2017,02/07/2017,ΑΤΤΙΚΗ,28.41,22.99,4.89,246
11468994,GENERALI,ΖΩΗΣ,NA,02/07/2017,02/08/2017,ΑΤΤΙΚΗ,28.41,22.99,4.89,246
11468994,GENERALI,ΖΩΗΣ,NA,02/02/2017,02/03/2017,ΑΤΤΙΚΗ,28.41,22.99,4.89,246
11468994,GENERALI,ΖΩΗΣ,NA,02/11/2017,02/12/2017,ΑΤΤΙΚΗ,28.41,22.99,5.41,246
11468994,GENERALI,ΖΩΗΣ,NA,02/09/2017,02/10/2017,ΑΤΤΙΚΗ,28.41,22.99,5.41,246
11468994,GENERALI,ΖΩΗΣ,NA,02/01/2017,02/02/2017,ΑΤΤΙΚΗ,28.41,22.99,4.89,246
11468994,GENERALI,ΖΩΗΣ,NA,02/03/2017,02/04/2017,ΑΤΤΙΚΗ,28.41,22.99,4.89,246
7190047216,PRIME INSURANCE,ΑΥΤΟΚΙΝΗΤΩΝ,ΖΧΒ919,16/05/2017,16/05/2018,ΑΤΤΙΚΗ,71.54,48.67,9.73,1885
213798960,ΙΝΤΕΡΣΑΛΟΝΙΚΑ,ΑΥΤΟΚΙΝΗΤΩΝ,ΙΤΒ5994,29/12/2017,29/06/2018,ΑΤΤΙΚΗ,143,96.99,19.4,1406
1382189,ΑΤΛΑΝΤΙΚΗ ΕΝΩΣΗ,ΑΥΤΟΚΙΝΗΤΩΝ,ΝΡΑ175,11/12/2017,11/03/2018,ΑΤΤΙΚΗ,47,29.53,5.91,1406
213714567,ΙΝΤΕΡΣΑΛΟΝΙΚΑ,ΑΥΤΟΚΙΝΗΤΩΝ,ΙΖΤ3402,19/10/2017,19/10/2018,NA,191,129.11,25.82,174
7190069251,PRIME INSURANCE,ΑΥΤΟΚΙΝΗΤΩΝ,ΜΙΜ7397,09/09/2017,09/12/2017,ΑΙΤΩΛΟΚΑΡΝΑΝΙΑ,59.7,40.6,8.12,716
7190069251,PRIME INSURANCE,ΑΥΤΟΚΙΝΗΤΩΝ,ΜΙΜ7397,09/12/2017,09/03/2018,ΑΙΤΩΛΟΚΑΡΝΑΝΙΑ,63.19,42.96,8.59,716
19.211456170000002,INTERLIFE ΑΣΦΑΛΙΣΤΙΚΗ,ΑΥΤΟΚΙΝΗΤΩΝ,ΟΝΥ471,14/09/2017,14/12/2017,ΑΤΤΙΚΗ,36.69,25.24,5.3,1959
19.21168789,INTERLIFE ΑΣΦΑΛΙΣΤΙΚΗ,ΑΥΤΟΚΙΝΗΤΩΝ,ΑΜΤ0164,10/10/2017,10/01/2018,ΑΤΤΙΚΗ,46.7,32.24,6.77,1961
22007248,ALLIANZ,ΤΑΞΙΔΙΩΤΙΚΟ ΑΤΥΧΗΜΑ,NA,01/10/2017,31/12/2017,ΑΤΤΙΚΗ,35,25.36,5.07,1972
20012210,ALLIANZ,ΑΣΤΙΚΗΣ ΕΥΘΥΝΗΣ,NA,01/10/2017,31/12/2017,ΑΤΤΙΚΗ,30.01,21.75,2.61,1972
11397677,GENERALI,ΖΩΗΣ,NA,30/12/2017,30/01/2018,ΑΤΤΙΚΗ,24.29,19.21,2.88,1842
11397677,GENERALI,ΖΩΗΣ,NA,30/09/2017,30/10/2017,ΑΤΤΙΚΗ,24.29,19.21,2.88,1842
11397677,GENERALI,ΖΩΗΣ,NA,30/05/2017,30/06/2017,ΑΤΤΙΚΗ,23.36,18.48,3.13,1842
11397677,GENERALI,ΖΩΗΣ,NA,30/11/2017,30/12/2017,ΑΤΤΙΚΗ,24.29,19.21,2.88,1842
11397677,GENERALI,ΖΩΗΣ,NA,30/10/2017,30/11/2017,ΑΤΤΙΚΗ,24.3,19.220000000000002,2.87,1842
11397677,GENERALI,ΖΩΗΣ,NA,30/04/2017,30/05/2017,ΑΤΤΙΚΗ,23.36,18.48,3.13,1842
11397677,GENERALI,ΖΩΗΣ,NA,30/08/2017,30/09/2017,ΑΤΤΙΚΗ,24.29,19.21,2.88,1842
11397677,GENERALI,ΖΩΗΣ,NA,30/07/2017,30/08/2017,ΑΤΤΙΚΗ,24.29,19.21,3.26,1842
11397677,GENERALI,ΖΩΗΣ,NA,28/02/2017,30/03/2017,ΑΤΤΙΚΗ,23.36,18.48,3.13,1842
11397677,GENERALI,ΖΩΗΣ,NA,30/06/2017,30/07/2017,ΑΤΤΙΚΗ,24.29,19.21,3.26,1842
11397677,GENERALI,ΖΩΗΣ,NA,30/03/2017,30/04/2017,ΑΤΤΙΚΗ,23.36,18.48,3.13,1842
11397677,GENERALI,ΖΩΗΣ,NA,30/01/2017,28/02/2017,ΑΤΤΙΚΗ,23.36,18.48,3.13,1842
11596024,GENERALI,ΖΩΗΣ,NA,27/10/2017,27/11/2017,ΑΤΤΙΚΗ,63.97,23.12,3.6599999999999997,1942
11596024,GENERALI,ΖΩΗΣ,NA,27/11/2017,27/12/2017,ΑΤΤΙΚΗ,29.23,23.11,3.93,1942
11596024,GENERALI,ΖΩΗΣ,NA,27/12/2017,27/01/2018,ΑΤΤΙΚΗ,29.23,23.11,3.92,1942
213358079,ΙΝΤΕΡΣΑΛΟΝΙΚΑ,ΑΥΤΟΚΙΝΗΤΩΝ,ΙΒΧ1758,24/03/2017,24/06/2017,ΑΧΑΪΑΣ,57,38.42,7.68,1975
19013429693,ΙΝΤΕΡΣΑΛΟΝΙΚΑ,ΑΥΤΟΚΙΝΗΤΩΝ,ΙΚΒ6190,30/12/2017,30/03/2018,ΑΤΤΙΚΗ,100,67.85,13.57,271
19013429693,ΙΝΤΕΡΣΑΛΟΝΙΚΑ,ΑΥΤΟΚΙΝΗΤΩΝ,ΙΚΒ6190,30/06/2017,30/09/2017,ΑΤΤΙΚΗ,100,67.85,13.57,271
213360732,ΙΝΤΕΡΣΑΛΟΝΙΚΑ,ΑΥΤΟΚΙΝΗΤΩΝ,ΙΚΒ6190,30/03/2017,30/06/2017,ΑΤΤΙΚΗ,82,55.1,11.02,271
19013429693,ΙΝΤΕΡΣΑΛΟΝΙΚΑ,ΑΥΤΟΚΙΝΗΤΩΝ,ΙΚΒ6190,30/03/2017,30/06/2017,ΑΤΤΙΚΗ,18.65,12.75,2.55,271
19013429693,ΙΝΤΕΡΣΑΛΟΝΙΚΑ,ΑΥΤΟΚΙΝΗΤΩΝ,ΙΚΒ6190,30/09/2017,30/12/2017,ΑΤΤΙΚΗ,100,67.85,13.57,271
31719010074,ΑΓΡΟΤΙΚΗ ΑΣΦΑΛΙΣΤΙΚΗ,ΑΥΤΟΚΙΝΗΤΩΝ,ΟΥΚ783,24/02/2017,24/08/2017,ΑΤΤΙΚΗ,68.29,46.59,9.32,1809
213296573,ΙΝΤΕΡΣΑΛΟΝΙΚΑ,ΑΥΤΟΚΙΝΗΤΩΝ,ΥΡΑ8411,08/02/2017,08/03/2017,NA,29,19.04,3.81,1974
1184888,ΑΤΛΑΝΤΙΚΗ ΕΝΩΣΗ,ΑΥΤΟΚΙΝΗΤΩΝ,ΑΙΜ2174,23/01/2017,23/07/2017,NA,118,77.2,13.75,1845
1184888,ΑΤΛΑΝΤΙΚΗ ΕΝΩΣΗ,ΑΥΤΟΚΙΝΗΤΩΝ,ΑΙΜ2174,23/07/2017,23/01/2018,NA,118,77.2,13.75,1845
31304220,ΙΝΤΕΡΑΜΕΡΙΚΑΝ,ΑΥΤΟΚΙΝΗΤΩΝ,ΙΖΙ5335,21/10/2017,21/10/2018,ΣΑΜΟΥ,181.22,124.25,24.85,1242
1708673,AXA,ΑΥΤΟΚΙΝΗΤΩΝ,ΥΗΖ3294,08/05/2017,08/11/2017,ΑΙΤΩΛΟΚΑΡΝΑΝΙΑ,88.48,60.41,10.87,428
59952960,ΕΘΝΙΚΗ Ασφαλιστική,ΑΥΤΟΚΙΝΗΤΩΝ,ΥΗΖ3294,08/11/2017,08/05/2018,ΑΙΤΩΛΟΚΑΡΝΑΝΙΑ,112.22,79.94,18.39,428
59952960,ΕΘΝΙΚΗ Ασφαλιστική,ΟΔΙΚΗΣ ΒΟΗΘΕΙΑΣ,ΥΗΖ3294,08/11/2017,08/05/2018,ΑΙΤΩΛΟΚΑΡΝΑΝΙΑ,1.83,1.59,0.11,428
30612782,ΙΝΤΕΡΑΜΕΡΙΚΑΝ,ΠΥΡΟΣ,NA,12/01/2017,12/01/2018,ΑΙΤΩΛΟΚΑΡΝΑΝΙΑ,84.8,63.88,8.3,1899
1316571,ΑΤΛΑΝΤΙΚΗ ΕΝΩΣΗ,ΑΥΤΟΚΙΝΗΤΩΝ,ΗΚΜ4733,06/03/2017,06/09/2017,ΑΙΤΩΛΟΚΑΡΝΑΝΙΑ,90,58.8,11.76,24
1307779,ΑΤΛΑΝΤΙΚΗ ΕΝΩΣΗ,ΑΥΤΟΚΙΝΗΤΩΝ,ΑΙΡ2983,24/01/2017,24/07/2017,ΑΙΤΩΛΟΚΑΡΝΑΝΙΑ,99.01,64.42,12.89,24
7190061267,PRIME INSURANCE,ΑΥΤΟΚΙΝΗΤΩΝ,ΑΙΡ2983,24/07/2017,24/01/2018,ΑΙΤΩΛΟΚΑΡΝΑΝΙΑ,94.57,64.4,12.88,24
1316571,ΑΤΛΑΝΤΙΚΗ ΕΝΩΣΗ,ΑΥΤΟΚΙΝΗΤΩΝ,ΗΚΜ4733,06/09/2017,06/03/2018,ΑΙΤΩΛΟΚΑΡΝΑΝΙΑ,103.5,67.89,12.13,24
7190062319,PRIME INSURANCE,ΑΥΤΟΚΙΝΗΤΩΝ,ΑΙΝ2941,01/08/2017,01/02/2018,ΑΙΤΩΛΟΚΑΡΝΑΝΙΑ,98.79,67.26,13.45,39
02034093830,ERGO A.A.E.Z,ΑΥΤΟΚΙΝΗΤΩΝ,ΑΙΝ2941,01/02/2017,01/08/2017,ΑΙΤΩΛΟΚΑΡΝΑΝΙΑ,112,78.01,17.02,39
19013354630,ΙΝΤΕΡΣΑΛΟΝΙΚΑ,ΑΥΤΟΚΙΝΗΤΩΝ,ΜΤΗ0613,31/07/2017,31/01/2018,ΛΕΣΒΟΥ,35,23.23,4.65,1328
213285666,ΙΝΤΕΡΣΑΛΟΝΙΚΑ,ΑΥΤΟΚΙΝΗΤΩΝ,ΜΤΗ0613,31/01/2017,31/07/2017,ΛΕΣΒΟΥ,35,23.23,4.65,1328
7190057346,PRIME INSURANCE,ΑΥΤΟΚΙΝΗΤΩΝ,ΕΖΤ891,07/07/2017,07/01/2018,NA,41.38,28.15,5.63,359
1355535,ΑΤΛΑΝΤΙΚΗ ΕΝΩΣΗ,ΑΥΤΟΚΙΝΗΤΩΝ,ΖΜΡ2949,21/07/2017,21/10/2017,ΑΤΤΙΚΗ,69,43.88,8.05,1951
1335300,ΑΤΛΑΝΤΙΚΗ ΕΝΩΣΗ,ΑΥΤΟΚΙΝΗΤΩΝ,ΖΜΟ2792,25/05/2017,25/08/2017,ΒΟΛΟΥ,65,41.29,7.41,1949
1335300,ΑΤΛΑΝΤΙΚΗ ΕΝΩΣΗ,ΑΥΤΟΚΙΝΗΤΩΝ,ΖΜΟ2792,01/09/2017,01/12/2017,ΒΟΛΟΥ,65,41.33,7.42,1949
1335043,ΑΤΛΑΝΤΙΚΗ ΕΝΩΣΗ,ΑΥΤΟΚΙΝΗΤΩΝ,ΥΡΧ4947,24/08/2017,24/11/2017,ΑΤΤΙΚΗ,68,43.42,7.96,1948
1335043,ΑΤΛΑΝΤΙΚΗ ΕΝΩΣΗ,ΑΥΤΟΚΙΝΗΤΩΝ,ΥΡΧ4947,24/05/2017,24/08/2017,ΑΤΤΙΚΗ,68,43.4,7.96,1948
1335043,ΑΤΛΑΝΤΙΚΗ ΕΝΩΣΗ,ΑΥΤΟΚΙΝΗΤΩΝ,ΥΡΧ4947,24/11/2017,24/02/2018,ΑΤΤΙΚΗ,68,43.42,7.96,1948
30270242,ΙΝΤΕΡΑΜΕΡΙΚΑΝ,ΠΥΡΟΣ,NA,07/10/2017,07/10/2018,ΑΙΤΩΛΟΚΑΡΝΑΝΙΑ,181.64,134.43,34.95,1893
30417514,ΙΝΤΕΡΑΜΕΡΙΚΑΝ,ΑΥΤΟΚΙΝΗΤΩΝ,ΑΙΡ2146,16/07/2017,16/07/2018,ΑΙΤΩΛΟΚΑΡΝΑΝΙΑ,239.7,164.44,32.89,1893
ΡΣ3887,ΣΥΝΕΤΑΙΡΙΣΤΙΚΗ,ΑΥΤΟΚΙΝΗΤΩΝ,ΖΖΝ9043,28/06/2017,28/12/2017,ΑΤΤΙΚΗ,127.5,88.46,17.69,1065
ΡΨ6646,ΣΥΝΕΤΑΙΡΙΣΤΙΚΗ,ΑΥΤΟΚΙΝΗΤΩΝ,ΖΖΝ9043,28/12/2017,28/06/2018,ΑΤΤΙΚΗ,128,88.46,17.69,1065
213391373,ΙΝΤΕΡΣΑΛΟΝΙΚΑ,ΑΥΤΟΚΙΝΗΤΩΝ,ΑΙΖ8854,12/04/2017,12/07/2017,ΑΤΤΙΚΗ,83,55.69,11.14,179
19013460334,ΙΝΤΕΡΣΑΛΟΝΙΚΑ,ΑΥΤΟΚΙΝΗΤΩΝ,ΑΙΖ8854,12/10/2017,12/01/2018,ΑΤΤΙΚΗ,83,55.69,11.14,179
19012774523,ΙΝΤΕΡΣΑΛΟΝΙΚΑ,ΑΥΤΟΚΙΝΗΤΩΝ,ΑΙΖ8854,10/01/2017,10/04/2017,ΑΤΤΙΚΗ,83,55.69,11.14,179
19013460334,ΙΝΤΕΡΣΑΛΟΝΙΚΑ,ΑΥΤΟΚΙΝΗΤΩΝ,ΑΙΖ8854,12/07/2017,12/10/2017,ΑΤΤΙΚΗ,83,55.69,11.14,179
30365,LLOYDS,ΠΥΡΟΣ,NA,11/10/2017,11/04/2018,ΑΤΤΙΚΗ,212.51,175.22,29.79,1989
1317602,ΑΤΛΑΝΤΙΚΗ ΕΝΩΣΗ,ΑΥΤΟΚΙΝΗΤΩΝ,ΥΡΝ6417,12/12/2017,12/03/2018,ΑΤΤΙΚΗ,63.5,40.33,7.34,1947
1317602,ΑΤΛΑΝΤΙΚΗ ΕΝΩΣΗ,ΑΥΤΟΚΙΝΗΤΩΝ,ΥΡΝ6417,12/03/2017,12/06/2017,ΑΤΤΙΚΗ,56.5,35.78,7.16,1947
1317602,ΑΤΛΑΝΤΙΚΗ ΕΝΩΣΗ,ΑΥΤΟΚΙΝΗΤΩΝ,ΥΡΝ6417,12/06/2017,12/09/2017,ΑΤΤΙΚΗ,56.5,35.79,7.16,1947
1317602,ΑΤΛΑΝΤΙΚΗ ΕΝΩΣΗ,ΑΥΤΟΚΙΝΗΤΩΝ,ΥΡΝ6417,12/09/2017,12/12/2017,ΑΤΤΙΚΗ,63.5,40.33,7.34,1947
2242,GROUPAMA,ΟΜΑΔΙΚΕΣ,NA,01/03/2017,01/06/2017,ΑΤΤΙΚΗ,60.5,52.77,3.38,1889
2242,GROUPAMA,ΟΜΑΔΙΚΕΣ,NA,01/05/2017,01/06/2017,ΑΤΤΙΚΗ,6244.87,5450.2,348.81,1889
2242,GROUPAMA,ΟΜΑΔΙΚΕΣ,NA,01/04/2017,01/05/2017,ΑΤΤΙΚΗ,6218.74,5427.37,347.35,1889
2242,GROUPAMA,ΟΜΑΔΙΚΕΣ,NA,01/12/2017,01/01/2018,ΑΤΤΙΚΗ,6057.15,5286.36,338.44,1889
2242,GROUPAMA,ΟΜΑΔΙΚΕΣ,NA,01/08/2017,01/09/2017,ΑΤΤΙΚΗ,6102.7699999999995,5326.1900000000005,340.88,1889
2242,GROUPAMA,ΟΜΑΔΙΚΕΣ,NA,12/04/2017,01/05/2017,ΑΤΤΙΚΗ,4.36,3.83,0.25,1889
2242,GROUPAMA,ΟΜΑΔΙΚΕΣ,NA,01/02/2017,01/03/2017,ΑΤΤΙΚΗ,6145.23,5363.34,343.25,1889
2242,GROUPAMA,ΟΜΑΔΙΚΕΣ,NA,06/09/2017,01/10/2017,ΑΤΤΙΚΗ,16.8,14.66,0.94,1889
2242,GROUPAMA,ΟΜΑΔΙΚΕΣ,NA,19/10/2017,01/11/2017,ΑΤΤΙΚΗ,2.76,2.42,0.15,1889
2242,GROUPAMA,ΟΜΑΔΙΚΕΣ,NA,22/05/2017,01/06/2017,ΑΤΤΙΚΗ,1.99,1.73,0.11,1889
2242,GROUPAMA,ΟΜΑΔΙΚΕΣ,NA,25/01/2017,01/02/2017,ΑΤΤΙΚΗ,8.11,7.09,0.4,1889
2242,GROUPAMA,ΟΜΑΔΙΚΕΣ,NA,01/10/2017,01/11/2017,ΑΤΤΙΚΗ,6117.91,5339.42,341.72,1889
2242,GROUPAMA,ΟΜΑΔΙΚΕΣ,NA,27/09/2017,01/10/2017,ΑΤΤΙΚΗ,0.89,0.77,0.05,1889
2242,GROUPAMA,ΟΜΑΔΙΚΕΣ,NA,29/11/2017,01/12/2017,ΑΤΤΙΚΗ,1.34,1.17,0.07,1889
2242,GROUPAMA,ΟΜΑΔΙΚΕΣ,NA,07/11/2017,01/12/2017,ΑΤΤΙΚΗ,5.31,4.62,0.3,1889
2242,GROUPAMA,ΟΜΑΔΙΚΕΣ,NA,05/05/2017,01/06/2017,ΑΤΤΙΚΗ,17.47,15.24,0.98,1889
2242,GROUPAMA,ΟΜΑΔΙΚΕΣ,NA,01/09/2017,01/10/2017,ΑΤΤΙΚΗ,6078.16,5304.7300000000005,339.5,1889
2242,GROUPAMA,ΟΜΑΔΙΚΕΣ,NA,01/06/2017,01/07/2017,ΑΤΤΙΚΗ,6299.66,5498.02,351.87,1889
2242,GROUPAMA,ΟΜΑΔΙΚΕΣ,NA,03/04/2017,01/05/2017,ΑΤΤΙΚΗ,18.82,16.42,1.05,1889
2242,GROUPAMA,ΟΜΑΔΙΚΕΣ,NA,01/07/2017,01/08/2017,ΑΤΤΙΚΗ,6228.92,5436.22,347.91999999999996,1889
2242,GROUPAMA,ΟΜΑΔΙΚΕΣ,NA,03/01/2017,01/02/2017,ΑΤΤΙΚΗ,18.82,16.42,0.99,1889
2242,GROUPAMA,ΟΜΑΔΙΚΕΣ,NA,09/03/2017,01/04/2017,ΑΤΤΙΚΗ,39.519999999999996,34.48,2.07,1889
2242,GROUPAMA,ΟΜΑΔΙΚΕΣ,NA,06/04/2017,01/05/2017,ΑΤΤΙΚΗ,5.76,5.06,0.28,1889
2242,GROUPAMA,ΟΜΑΔΙΚΕΣ,NA,01/03/2017,01/04/2017,ΑΤΤΙΚΗ,6266.22,5468.88,350,1889
2242,GROUPAMA,ΟΜΑΔΙΚΕΣ,NA,03/05/2017,01/06/2017,ΑΤΤΙΚΗ,18.82,16.42,1.05,1889
2242,GROUPAMA,ΟΜΑΔΙΚΕΣ,NA,01/11/2017,01/12/2017,ΑΤΤΙΚΗ,6050.780000000001,5280.88,337.96000000000004,1889
2242,GROUPAMA,ΟΜΑΔΙΚΕΣ,NA,08/12/2017,01/01/2018,ΑΤΤΙΚΗ,10.37,9.06,0.6,1889
2242,GROUPAMA,ΟΜΑΔΙΚΕΣ,NA,18/09/2017,01/10/2017,ΑΤΤΙΚΗ,8.73,7.62,0.49,1889
2242,GROUPAMA,ΟΜΑΔΙΚΕΣ,NA,11/01/2017,01/03/2017,ΑΤΤΙΚΗ,11.06,9.62,0.58,1889
2242,GROUPAMA,ΟΜΑΔΙΚΕΣ,NA,01/01/2017,01/02/2017,ΑΤΤΙΚΗ,6084.219999999999,5310.009999999999,318.59999999999997,1889
2242,GROUPAMA,ΟΜΑΔΙΚΕΣ,NA,30/11/2017,01/12/2017,ΑΤΤΙΚΗ,0.67,0.58,0.04,1889
2242,GROUPAMA,ΟΜΑΔΙΚΕΣ,NA,30/08/2017,01/09/2017,ΑΤΤΙΚΗ,0.23,0.2,0.01,1889
2242,GROUPAMA,ΟΜΑΔΙΚΕΣ,NA,02/05/2017,01/06/2017,ΑΤΤΙΚΗ,6.66,5.85,0.37,1889
2242,GROUPAMA,ΟΜΑΔΙΚΕΣ,NA,11/01/2017,01/02/2017,ΑΤΤΙΚΗ,53.95,47.1,2.83,1889
2242,GROUPAMA,ΟΜΑΔΙΚΕΣ,NA,09/11/2017,01/12/2017,ΑΤΤΙΚΗ,9.74,8.47,0.55,1889
2242,GROUPAMA,ΟΜΑΔΙΚΕΣ,NA,01/01/2017,01/03/2017,ΑΤΤΙΚΗ,26.54,23.08,1.4,1889
11538805,GENERALI,ΑΣΤΙΚΗΣ ΕΥΘΥΝΗΣ,NA,17/05/2017,17/05/2018,ΑΤΤΙΚΗ,147,111.16,22.23,1938
2018635,AXA,ΠΛΗΡΩΜΑΤΑ ΠΛΟΙΩΝ,NA,28/12/2017,28/01/2018,ΑΤΤΙΚΗ,150,113.43,14.75,1973
ΕΡ2953,ΣΥΝΕΤΑΙΡΙΣΤΙΚΗ,ΑΥΤΟΚΙΝΗΤΩΝ,ΥΚΟ9420,10/04/2017,10/07/2017,ΑΤΤΙΚΗ,73,49.06,9.81,2028
ΡΣ8312,ΣΥΝΕΤΑΙΡΙΣΤΙΚΗ,ΑΥΤΟΚΙΝΗΤΩΝ,ΥΚΟ9420,10/07/2017,10/10/2017,ΑΤΤΙΚΗ,73,49.05,9.81,2028
ΡΦ6789,ΣΥΝΕΤΑΙΡΙΣΤΙΚΗ,ΑΥΤΟΚΙΝΗΤΩΝ,ΥΚΟ9420,10/10/2017,10/01/2018,ΑΤΤΙΚΗ,73,49.05,9.81,2028
11342681,GENERALI,ΖΩΗΣ,NA,09/07/2017,09/08/2017,NA,18.91,15.11,2.67,NA
11342681,GENERALI,ΖΩΗΣ,NA,09/08/2017,09/09/2017,NA,18.91,15.11,2.67,NA
11342681,GENERALI,ΖΩΗΣ,NA,09/09/2017,09/10/2017,NA,18.91,15.11,2.41,NA
11342681,GENERALI,ΖΩΗΣ,NA,09/10/2017,09/11/2017,NA,18.92,15.12,2.41,NA
11342681,GENERALI,ΖΩΗΣ,NA,09/11/2017,09/12/2017,NA,18.91,15.11,2.41,NA
11342681,GENERALI,ΖΩΗΣ,NA,09/12/2017,09/01/2018,NA,18.91,15.11,2.41,NA
11330019,GENERALI,ΖΩΗΣ,NA,12/08/2017,12/09/2017,NA,19.94,15.92,2.81,NA
11521824,GENERALI,ΖΩΗΣ,NA,04/04/2017,04/05/2017,NA,53.11,14.69,2.6,NA
11521824,GENERALI,ΖΩΗΣ,NA,04/05/2017,04/06/2017,NA,18.38,14.69,2.6,NA
11521824,GENERALI,ΖΩΗΣ,NA,04/06/2017,04/07/2017,NA,18.38,14.69,2.6,NA
11521824,GENERALI,ΖΩΗΣ,NA,04/07/2017,04/08/2017,NA,18.38,14.69,2.6,NA
11521824,GENERALI,ΖΩΗΣ,NA,04/08/2017,04/09/2017,NA,18.38,14.69,2.6,NA
11521824,GENERALI,ΖΩΗΣ,NA,04/09/2017,04/10/2017,NA,18.38,14.69,2.6,NA
11521824,GENERALI,ΖΩΗΣ,NA,04/10/2017,04/11/2017,NA,18.39,14.7,2.6,NA
11521824,GENERALI,ΖΩΗΣ,NA,04/11/2017,04/12/2017,NA,18.38,14.69,2.6,NA
11521824,GENERALI,ΖΩΗΣ,NA,04/12/2017,04/01/2018,NA,18.38,14.69,2.6,NA
11522969,GENERALI,ΖΩΗΣ,NA,06/04/2017,06/05/2017,NA,29.19,23.58,5.98,NA
11522969,GENERALI,ΖΩΗΣ,NA,06/05/2017,06/06/2017,NA,29.19,23.58,5.98,NA
11522969,GENERALI,ΖΩΗΣ,NA,06/06/2017,06/07/2017,NA,29.19,23.58,5.98,NA
11522969,GENERALI,ΖΩΗΣ,NA,06/07/2017,06/08/2017,NA,29.19,23.58,5.98,NA
11522969,GENERALI,ΖΩΗΣ,NA,06/08/2017,06/09/2017,NA,29.19,23.58,5.98,NA
1000767864,Eurolife FFH,ΖΩΗΣ,NA,01/07/2017,01/07/2018,NA,326.37,322.87,23.4,NA
11522969,GENERALI,ΖΩΗΣ,NA,06/10/2017,06/11/2017,NA,29.200000000000003,23.59,5.98,NA
11522969,GENERALI,ΖΩΗΣ,NA,06/11/2017,06/12/2017,NA,29.19,23.58,5.98,NA
11522969,GENERALI,ΖΩΗΣ,NA,06/12/2017,06/01/2018,NA,29.19,23.58,5.98,NA
11350766,GENERALI,ΖΩΗΣ,NA,28/06/2017,28/07/2017,NA,26.73,21.14,3.59,NA
11350766,GENERALI,ΖΩΗΣ,NA,28/07/2017,28/08/2017,NA,26.73,21.14,3.59,NA
11350766,GENERALI,ΖΩΗΣ,NA,28/08/2017,28/09/2017,NA,26.73,21.14,3.59,NA
11350766,GENERALI,ΖΩΗΣ,NA,28/09/2017,28/10/2017,NA,26.73,21.14,3.17,NA
11350766,GENERALI,ΖΩΗΣ,NA,28/10/2017,28/11/2017,NA,26.73,21.14,3.17,NA
11350766,GENERALI,ΖΩΗΣ,NA,28/11/2017,28/12/2017,NA,26.73,21.14,3.17,NA
11350766,GENERALI,ΖΩΗΣ,NA,28/12/2017,28/01/2018,NA,26.73,21.14,3.17,NA
11350769,GENERALI,ΖΩΗΣ,NA,28/01/2017,28/02/2017,NA,22.87,18.08,3.07,NA
11350769,GENERALI,ΖΩΗΣ,NA,28/02/2017,28/03/2017,NA,22.87,18.08,3.07,NA
11530389,GENERALI,ΖΩΗΣ,NA,26/04/2017,26/05/2017,NA,32.26,25.92,5.88,NA
11530389,GENERALI,ΖΩΗΣ,NA,26/05/2017,26/06/2017,NA,32.26,25.92,5.88,NA
11530389,GENERALI,ΖΩΗΣ,NA,26/06/2017,26/07/2017,NA,32.26,25.92,5.88,NA
11530389,GENERALI,ΖΩΗΣ,NA,26/07/2017,26/08/2017,NA,32.26,25.92,5.88,NA
11530389,GENERALI,ΖΩΗΣ,NA,26/08/2017,26/09/2017,NA,32.26,25.92,5.88,NA
11530389,GENERALI,ΖΩΗΣ,NA,26/09/2017,26/10/2017,NA,32.26,25.92,5.88,NA
11530389,GENERALI,ΖΩΗΣ,NA,26/10/2017,26/11/2017,NA,32.269999999999996,25.930000000000003,5.880000000000001,NA
11530389,GENERALI,ΖΩΗΣ,NA,26/11/2017,26/12/2017,NA,32.26,25.92,5.88,NA
11530389,GENERALI,ΖΩΗΣ,NA,26/12/2017,26/01/2018,NA,32.26,25.92,5.88,NA
11350769,GENERALI,ΖΩΗΣ,NA,28/12/2017,28/01/2018,NA,23.54,18.61,2.79,NA
11330019,GENERALI,ΖΩΗΣ,NA,12/06/2017,12/07/2017,NA,19.94,15.92,2.81,NA
11330019,GENERALI,ΖΩΗΣ,NA,12/07/2017,12/08/2017,NA,19.94,15.92,2.81,NA
11305387,GENERALI,ΖΩΗΣ,NA,23/07/2017,23/08/2017,NA,18.86,15.07,2.66,NA
11330019,GENERALI,ΖΩΗΣ,NA,12/09/2017,12/10/2017,NA,19.94,15.92,2.59,NA
11330019,GENERALI,ΖΩΗΣ,NA,12/10/2017,12/11/2017,NA,19.950000000000003,15.93,2.9499999999999997,NA
11287326,GENERALI,ΖΩΗΣ,NA,18/05/2017,18/11/2017,NA,112.15,89.57,14.24,NA
11287326,GENERALI,ΖΩΗΣ,NA,18/11/2017,18/05/2018,NA,117.73,94.03,14.15,NA
11287523,GENERALI,ΖΩΗΣ,NA,19/05/2017,19/11/2017,NA,112.15,89.57,14.24,NA
11287523,GENERALI,ΖΩΗΣ,NA,19/11/2017,19/05/2018,NA,117.73,94.03,14.15,NA
11305387,GENERALI,ΖΩΗΣ,NA,23/01/2017,23/02/2017,NA,18.86,15.07,2.66,NA
11305387,GENERALI,ΖΩΗΣ,NA,23/02/2017,23/03/2017,NA,18.86,15.07,2.66,NA
11305387,GENERALI,ΖΩΗΣ,NA,23/03/2017,23/04/2017,NA,18.86,15.07,2.66,NA
11305387,GENERALI,ΖΩΗΣ,NA,23/04/2017,23/05/2017,NA,18.86,15.07,2.66,NA
11305387,GENERALI,ΖΩΗΣ,NA,23/05/2017,23/06/2017,NA,18.86,15.07,2.66,NA
11305387,GENERALI,ΖΩΗΣ,NA,23/06/2017,23/07/2017,NA,18.86,15.07,2.66,NA
11306782,GENERALI,ΖΩΗΣ,NA,28/08/2017,28/09/2017,NA,20.59,16.45,2.62,NA
11305387,GENERALI,ΖΩΗΣ,NA,23/08/2017,23/09/2017,NA,18.86,15.07,2.66,NA
11305387,GENERALI,ΖΩΗΣ,NA,23/09/2017,23/10/2017,NA,18.86,15.07,2.4,NA
11305387,GENERALI,ΖΩΗΣ,NA,23/10/2017,23/11/2017,NA,18.87,15.08,2.4,NA
11305387,GENERALI,ΖΩΗΣ,NA,23/11/2017,23/12/2017,NA,18.86,15.07,0,NA
11305387,GENERALI,ΖΩΗΣ,NA,23/12/2017,23/01/2018,NA,19.82,15.83,2.38,NA
11306782,GENERALI,ΖΩΗΣ,NA,28/01/2017,28/02/2017,NA,20.59,16.45,2.62,NA
11306782,GENERALI,ΖΩΗΣ,NA,28/02/2017,28/03/2017,NA,20.59,16.45,2.62,NA
11306782,GENERALI,ΖΩΗΣ,NA,28/03/2017,28/04/2017,NA,20.59,16.45,2.62,NA
11306782,GENERALI,ΖΩΗΣ,NA,28/04/2017,28/05/2017,NA,20.59,16.45,2.62,NA
11306782,GENERALI,ΖΩΗΣ,NA,28/05/2017,28/06/2017,NA,20.59,16.45,2.62,NA
11306782,GENERALI,ΖΩΗΣ,NA,28/06/2017,28/07/2017,NA,20.59,16.45,2.62,NA
11306782,GENERALI,ΖΩΗΣ,NA,28/07/2017,28/08/2017,NA,20.59,16.45,2.62,NA
11334282,GENERALI,ΖΩΗΣ,NA,22/08/2017,22/09/2017,NA,16.36,12.94,2.19,NA
11306782,GENERALI,ΖΩΗΣ,NA,28/09/2017,28/10/2017,NA,20.59,16.45,2.62,NA
11306782,GENERALI,ΖΩΗΣ,NA,28/10/2017,28/11/2017,NA,20.6,16.46,2.62,NA
11306782,GENERALI,ΖΩΗΣ,NA,28/11/2017,28/12/2017,NA,20.59,16.45,2.62,NA
11306782,GENERALI,ΖΩΗΣ,NA,28/12/2017,28/01/2018,NA,21.66,17.29,2.6,NA
5200276979,EUROP  ASSISTANCE,ΟΔΙΚΗΣ ΒΟΗΘΕΙΑΣ,ΟΒΟ569,18/11/2017,18/02/2018,NA,7.25,6.3,1.58,NA
11499425,GENERALI,ΖΩΗΣ,NA,10/10/2017,10/11/2017,NA,17.82,14.24,2.52,NA
11330019,GENERALI,ΖΩΗΣ,NA,12/01/2017,12/02/2017,NA,19.36,15.46,2.73,NA
11330019,GENERALI,ΖΩΗΣ,NA,12/02/2017,12/03/2017,NA,19.94,15.92,2.81,NA
11330019,GENERALI,ΖΩΗΣ,NA,12/03/2017,12/04/2017,NA,19.94,15.92,2.81,NA
11330019,GENERALI,ΖΩΗΣ,NA,12/04/2017,12/05/2017,NA,19.94,15.92,2.81,NA
11330019,GENERALI,ΖΩΗΣ,NA,12/05/2017,12/06/2017,NA,19.94,15.92,2.81,NA
11334282,GENERALI,ΖΩΗΣ,NA,22/07/2017,22/08/2017,NA,16.36,12.94,2.19,NA
11512580,GENERALI,ΖΩΗΣ,NA,14/08/2017,14/09/2017,NA,32.32,25.98,5.89,NA
11334282,GENERALI,ΖΩΗΣ,NA,22/09/2017,22/10/2017,NA,16.36,12.94,1.94,NA
11334282,GENERALI,ΖΩΗΣ,NA,22/10/2017,22/11/2017,NA,16.37,12.95,1.95,NA
11399357,GENERALI,ΖΩΗΣ,NA,04/01/2017,04/02/2017,NA,22.02,17.41,2.95,NA
11330019,GENERALI,ΖΩΗΣ,NA,12/11/2017,12/12/2017,NA,19.94,15.92,0,NA
11330019,GENERALI,ΖΩΗΣ,NA,12/12/2017,12/01/2018,NA,19.94,15.92,2.53,NA
11334282,GENERALI,ΖΩΗΣ,NA,22/01/2017,22/02/2017,NA,15.89,12.57,2.13,NA
11334282,GENERALI,ΖΩΗΣ,NA,22/02/2017,22/03/2017,NA,16.36,12.94,2.19,NA
11334282,GENERALI,ΖΩΗΣ,NA,22/03/2017,22/04/2017,NA,16.36,12.94,2.19,NA
11334282,GENERALI,ΖΩΗΣ,NA,22/04/2017,22/05/2017,NA,16.36,12.94,2.19,NA
11334282,GENERALI,ΖΩΗΣ,NA,22/05/2017,22/06/2017,NA,16.36,12.94,2.19,NA
11334282,GENERALI,ΖΩΗΣ,NA,22/06/2017,22/07/2017,NA,16.36,12.94,2.19,NA
11512580,GENERALI,ΖΩΗΣ,NA,14/07/2017,14/08/2017,NA,32.32,25.98,5.89,NA
11363786,GENERALI,ΖΩΗΣ,NA,20/04/2017,20/04/2018,NA,129.56999999999994,103.38,16.790000000000006,NA
11512580,GENERALI,ΖΩΗΣ,NA,14/09/2017,14/10/2017,NA,32.32,25.98,5.89,NA
6163693,GROUPAMA,ΠΥΡΟΣ,NA,30/11/2017,31/05/2018,NA,101.04,73.19,17.57,NA
11334282,GENERALI,ΖΩΗΣ,NA,22/11/2017,22/12/2017,NA,16.36,12.94,1.94,NA
11334282,GENERALI,ΖΩΗΣ,NA,22/12/2017,22/01/2018,NA,16.36,12.94,1.94,NA
11508478,GENERALI,ΖΩΗΣ,NA,06/10/2017,06/11/2017,NA,19.450000000000003,15.54,2.75,NA
11508478,GENERALI,ΖΩΗΣ,NA,06/11/2017,06/12/2017,NA,19.44,15.53,2.75,NA
11508478,GENERALI,ΖΩΗΣ,NA,06/12/2017,06/01/2018,NA,19.44,15.53,2.75,NA
11512580,GENERALI,ΖΩΗΣ,NA,14/03/2017,14/04/2017,NA,32.32,25.98,5.59,NA
11512580,GENERALI,ΖΩΗΣ,NA,14/04/2017,14/05/2017,NA,32.32,25.98,5.89,NA
11512580,GENERALI,ΖΩΗΣ,NA,14/05/2017,14/06/2017,NA,32.32,25.98,5.89,NA
11512580,GENERALI,ΖΩΗΣ,NA,14/06/2017,14/07/2017,NA,32.32,25.98,5.89,NA
11350769,GENERALI,ΖΩΗΣ,NA,28/11/2017,28/12/2017,NA,23.54,18.61,2.79,NA
11462530,GENERALI,ΖΩΗΣ,NA,17/08/2017,17/09/2017,NA,39.52,31.25,5.3,NA
31344770,ΙΝΤΕΡΑΜΕΡΙΚΑΝ,ΑΥΤΟΚΙΝΗΤΩΝ,ΙΚΒ9357,15/12/2017,15/06/2018,NA,115.1,78.92,15.78,NA
11450809,GENERALI,ΖΩΗΣ,NA,20/10/2017,20/04/2018,NA,111.34,88.97,14.17,NA
6163693,GROUPAMA,ΠΥΡΟΣ,NA,31/05/2017,30/11/2017,NA,101.04,73.19,17.57,NA
11342681,GENERALI,ΖΩΗΣ,NA,09/01/2017,09/02/2017,NA,18.38,14.69,2.6,NA
11342681,GENERALI,ΖΩΗΣ,NA,09/02/2017,09/03/2017,NA,18.38,14.69,2.6,NA
11342681,GENERALI,ΖΩΗΣ,NA,09/03/2017,09/04/2017,NA,18.91,15.11,2.67,NA
11342681,GENERALI,ΖΩΗΣ,NA,09/04/2017,09/05/2017,NA,18.91,15.11,2.67,NA
11342681,GENERALI,ΖΩΗΣ,NA,09/05/2017,09/06/2017,NA,18.91,15.11,2.67,NA
11342681,GENERALI,ΖΩΗΣ,NA,09/06/2017,09/07/2017,NA,18.91,15.11,2.67,NA
11350769,GENERALI,ΖΩΗΣ,NA,28/09/2017,28/10/2017,NA,23.54,18.61,2.79,NA
11350769,GENERALI,ΖΩΗΣ,NA,28/10/2017,28/11/2017,NA,23.54,18.61,2.79,NA
11535705,GENERALI,ΖΩΗΣ,NA,10/08/2017,10/09/2017,NA,16.69,13.2,2.24,NA
41967,ΙΝΤΕΡΣΑΛΟΝΙΚΑ,ΖΩΗΣ,NA,16/05/2017,16/05/2018,NA,90,73.93,18.96,NA
11462530,GENERALI,ΖΩΗΣ,NA,17/09/2017,17/10/2017,NA,39.52,31.25,5.3,NA
11462530,GENERALI,ΖΩΗΣ,NA,17/10/2017,17/11/2017,NA,39.53,31.26,5.609999999999999,NA
11363786,GENERALI,ΖΩΗΣ,NA,20/09/2017,20/10/2017,NA,43.19,34.46,5.7,NA
11350766,GENERALI,ΖΩΗΣ,NA,28/01/2017,28/02/2017,NA,26.1,20.64,3.5,NA
11399357,GENERALI,ΖΩΗΣ,NA,04/02/2017,04/03/2017,NA,22.02,17.41,2.95,NA
11399357,GENERALI,ΖΩΗΣ,NA,04/03/2017,04/04/2017,NA,22.02,17.41,2.95,NA
11399357,GENERALI,ΖΩΗΣ,NA,04/04/2017,04/05/2017,NA,22.02,17.41,2.95,NA
11399357,GENERALI,ΖΩΗΣ,NA,04/05/2017,04/06/2017,NA,22.02,17.41,2.95,NA
11535705,GENERALI,ΖΩΗΣ,NA,10/05/2017,10/06/2017,NA,51.42,13.2,2.24,NA
11535705,GENERALI,ΖΩΗΣ,NA,10/06/2017,10/07/2017,NA,16.69,13.2,2.24,NA
11535705,GENERALI,ΖΩΗΣ,NA,10/07/2017,10/08/2017,NA,16.69,13.2,2.24,NA
11462530,GENERALI,ΖΩΗΣ,NA,17/07/2017,17/08/2017,NA,39.52,31.25,5.3,NA
11399357,GENERALI,ΖΩΗΣ,NA,04/09/2017,04/10/2017,NA,22.93,18.13,2.72,NA
11399357,GENERALI,ΖΩΗΣ,NA,04/10/2017,04/11/2017,NA,22.94,18.14,3.0799999999999996,NA
11363786,GENERALI,ΖΩΗΣ,NA,20/07/2017,20/08/2017,NA,43.19,34.46,5.59,NA
11462530,GENERALI,ΖΩΗΣ,NA,17/11/2017,17/12/2017,NA,41.45,32.78,4.92,NA
11380184,GENERALI,ΖΩΗΣ,NA,25/11/2017,25/12/2017,NA,46.35,37.14,7.45,NA
11350766,GENERALI,ΖΩΗΣ,NA,28/02/2017,28/03/2017,NA,26.1,20.64,3.5,NA
11350766,GENERALI,ΖΩΗΣ,NA,28/03/2017,28/04/2017,NA,26.73,21.14,3.59,NA
11350766,GENERALI,ΖΩΗΣ,NA,28/04/2017,28/05/2017,NA,26.73,21.14,3.59,NA
11350766,GENERALI,ΖΩΗΣ,NA,28/05/2017,28/06/2017,NA,26.73,21.14,3.59,NA
11462530,GENERALI,ΖΩΗΣ,NA,17/04/2017,17/05/2017,NA,39.52,31.25,5.3,NA
11462530,GENERALI,ΖΩΗΣ,NA,17/05/2017,17/06/2017,NA,39.52,31.25,5.3,NA
11462530,GENERALI,ΖΩΗΣ,NA,17/06/2017,17/07/2017,NA,39.52,31.25,5.3,NA
11399357,GENERALI,ΖΩΗΣ,NA,04/08/2017,04/09/2017,NA,22.93,18.13,3.08,NA
11380184,GENERALI,ΖΩΗΣ,NA,25/06/2017,25/07/2017,NA,46.35,37.14,7.32,NA
11380184,GENERALI,ΖΩΗΣ,NA,25/07/2017,25/08/2017,NA,46.35,37.14,7.32,NA
11380184,GENERALI,ΖΩΗΣ,NA,25/08/2017,25/09/2017,NA,46.35,37.14,7.32,NA
11363786,GENERALI,ΖΩΗΣ,NA,20/08/2017,20/09/2017,NA,43.19,34.46,5.59,NA
11508478,GENERALI,ΖΩΗΣ,NA,06/06/2017,06/07/2017,NA,19.44,15.53,2.74,NA
11350769,GENERALI,ΖΩΗΣ,NA,28/03/2017,28/04/2017,NA,23.54,18.61,3.16,NA
11350769,GENERALI,ΖΩΗΣ,NA,28/04/2017,28/05/2017,NA,23.54,18.61,3.16,NA
11350769,GENERALI,ΖΩΗΣ,NA,28/05/2017,28/06/2017,NA,23.54,18.61,3.16,NA
11350769,GENERALI,ΖΩΗΣ,NA,28/06/2017,28/07/2017,NA,23.54,18.61,3.16,NA
11350769,GENERALI,ΖΩΗΣ,NA,28/07/2017,28/08/2017,NA,23.54,18.61,3.16,NA
11350769,GENERALI,ΖΩΗΣ,NA,28/08/2017,28/09/2017,NA,23.54,18.61,3.16,NA
11499425,GENERALI,ΖΩΗΣ,NA,10/12/2017,10/01/2018,NA,17.81,14.23,2.52,NA
11380184,GENERALI,ΖΩΗΣ,NA,25/05/2017,25/06/2017,NA,46.35,37.14,7.32,NA
11537659,GENERALI,ΖΩΗΣ,NA,16/11/2017,16/12/2017,NA,35.12,28.18,6.4,NA
11537659,GENERALI,ΖΩΗΣ,NA,16/12/2017,16/01/2018,NA,35.12,28.18,6.4,NA
11363786,GENERALI,ΖΩΗΣ,NA,20/11/2017,20/12/2017,NA,43.19,34.46,5.7,NA
11380184,GENERALI,ΖΩΗΣ,NA,25/09/2017,25/10/2017,NA,46.35,37.14,7.32,NA
11380184,GENERALI,ΖΩΗΣ,NA,25/10/2017,25/11/2017,NA,46.35,37.14,7.45,NA
11363786,GENERALI,ΖΩΗΣ,NA,20/10/2017,20/11/2017,NA,43.19,34.46,5.7,NA
11399357,GENERALI,ΖΩΗΣ,NA,04/06/2017,04/07/2017,NA,22.02,17.41,2.95,NA
19012624166,ΙΝΤΕΡΣΑΛΟΝΙΚΑ,ΑΥΤΟΚΙΝΗΤΩΝ,ΥΗΟ5242,02/02/2017,02/08/2017,NA,127,85.75,17.15,NA
19012624166,ΙΝΤΕΡΣΑΛΟΝΙΚΑ,ΑΥΤΟΚΙΝΗΤΩΝ,ΥΗΟ5242,02/08/2017,02/02/2018,NA,127,85.75,17.15,NA
11380184,GENERALI,ΖΩΗΣ,NA,25/02/2017,25/03/2017,NA,44.47,35.67,7.95,NA
11512580,GENERALI,ΖΩΗΣ,NA,14/10/2017,14/11/2017,NA,32.33,25.990000000000002,5.890000000000001,NA
11399357,GENERALI,ΖΩΗΣ,NA,04/07/2017,04/08/2017,NA,22.93,18.13,3.08,NA
11504047,GENERALI,ΖΩΗΣ,NA,22/02/2017,22/02/2018,NA,242.93,166.4,29.3,NA
11399357,GENERALI,ΖΩΗΣ,NA,04/12/2017,04/01/2018,NA,22.93,18.13,2.72,NA
11499425,GENERALI,ΖΩΗΣ,NA,10/09/2017,10/10/2017,NA,17.81,14.23,2.51,NA
11380184,GENERALI,ΖΩΗΣ,NA,25/12/2017,25/01/2018,NA,46.35,37.14,7.45,NA
11399357,GENERALI,ΖΩΗΣ,NA,04/11/2017,04/12/2017,NA,22.93,18.13,2.72,NA
11380184,GENERALI,ΖΩΗΣ,NA,25/01/2017,25/02/2017,NA,44.47,35.67,7.95,NA
11499425,GENERALI,ΖΩΗΣ,NA,10/02/2017,10/03/2017,NA,52.54,14.23,2.51,NA
11380184,GENERALI,ΖΩΗΣ,NA,25/03/2017,25/04/2017,NA,44.47,35.67,7.95,NA
11363786,GENERALI,ΖΩΗΣ,NA,20/12/2017,20/01/2018,NA,43.19,34.46,5.7,NA
11537659,GENERALI,ΖΩΗΣ,NA,16/10/2017,16/11/2017,NA,35.12,28.18,6.58,NA
11499425,GENERALI,ΖΩΗΣ,NA,10/08/2017,10/09/2017,NA,17.81,14.23,2.52,NA
11535705,GENERALI,ΖΩΗΣ,NA,10/11/2017,10/12/2017,NA,16.69,13.2,2.24,NA
11380184,GENERALI,ΖΩΗΣ,NA,25/04/2017,25/05/2017,NA,44.47,35.67,7.95,NA
5200249848,EUROP  ASSISTANCE,ΟΔΙΚΗΣ ΒΟΗΘΕΙΑΣ,ΑΙΚ8137,19/10/2017,19/01/2018,NA,7.25,6.3,1.58,NA
11537659,GENERALI,ΖΩΗΣ,NA,16/09/2017,16/10/2017,NA,35.12,28.18,6.58,NA
11462530,GENERALI,ΖΩΗΣ,NA,17/01/2017,17/02/2017,NA,39.52,31.25,5.3,NA
11508478,GENERALI,ΖΩΗΣ,NA,06/07/2017,06/08/2017,NA,19.44,15.53,2.74,NA
11499425,GENERALI,ΖΩΗΣ,NA,10/11/2017,10/12/2017,NA,17.81,14.23,2.52,NA
11508478,GENERALI,ΖΩΗΣ,NA,06/08/2017,06/09/2017,NA,19.44,15.53,2.74,NA
11535705,GENERALI,ΖΩΗΣ,NA,10/09/2017,10/10/2017,NA,16.69,13.2,2.24,NA
31247421,ΙΝΤΕΡΑΜΕΡΙΚΑΝ,ΑΥΤΟΚΙΝΗΤΩΝ,ΟΗΝ111,22/07/2017,22/01/2018,NA,176.23000000000002,121.25,24.25,NA
11499425,GENERALI,ΖΩΗΣ,NA,10/04/2017,10/05/2017,NA,17.81,14.23,2.52,NA
11462530,GENERALI,ΖΩΗΣ,NA,17/03/2017,17/04/2017,NA,39.52,31.25,5.3,NA
11508478,GENERALI,ΖΩΗΣ,NA,06/09/2017,06/10/2017,NA,19.44,15.53,2.74,NA
11499425,GENERALI,ΖΩΗΣ,NA,10/03/2017,10/04/2017,NA,17.81,14.23,2.51,NA
11462530,GENERALI,ΖΩΗΣ,NA,17/02/2017,17/03/2017,NA,39.52,31.25,5.3,NA
11508478,GENERALI,ΖΩΗΣ,NA,06/05/2017,06/06/2017,NA,19.44,15.53,2.74,NA
11522969,GENERALI,ΖΩΗΣ,NA,06/09/2017,06/10/2017,NA,29.19,23.58,5.98,NA
11514311,GENERALI,ΖΩΗΣ,NA,17/03/2017,17/09/2017,NA,196.31,158.25,37.38,NA
11450809,GENERALI,ΖΩΗΣ,NA,20/04/2017,20/10/2017,NA,106.11,84.8,14.93,NA
11514311,GENERALI,ΖΩΗΣ,NA,17/09/2017,17/03/2018,NA,196.31,158.25,37.38,NA
11512580,GENERALI,ΖΩΗΣ,NA,14/11/2017,14/12/2017,NA,32.32,25.98,5.89,NA
11512580,GENERALI,ΖΩΗΣ,NA,14/12/2017,14/01/2018,NA,32.32,25.98,5.89,NA
11537659,GENERALI,ΖΩΗΣ,NA,16/06/2017,16/07/2017,NA,35.12,28.18,6.38,NA
11508478,GENERALI,ΖΩΗΣ,NA,06/03/2017,06/04/2017,NA,54.17,15.53,2.74,NA
11537659,GENERALI,ΖΩΗΣ,NA,16/08/2017,16/09/2017,NA,35.12,28.18,6.38,NA
11535705,GENERALI,ΖΩΗΣ,NA,10/12/2017,10/01/2018,NA,16.69,13.2,2.24,NA
11537659,GENERALI,ΖΩΗΣ,NA,16/05/2017,16/06/2017,NA,35.12,28.18,6.1,NA
11499425,GENERALI,ΖΩΗΣ,NA,10/06/2017,10/07/2017,NA,17.81,14.23,2.52,NA
11535705,GENERALI,ΖΩΗΣ,NA,10/10/2017,10/11/2017,NA,16.700000000000003,13.209999999999999,2.2399999999999998,NA
5200249848,EUROP  ASSISTANCE,ΟΔΙΚΗΣ ΒΟΗΘΕΙΑΣ,ΑΙΚ8137,19/07/2017,19/10/2017,NA,7.25,6.3,1.58,NA
11588368,GENERALI,ΖΩΗΣ,NA,05/10/2017,05/11/2017,NA,52.96,14.57,2.58,NA
11499425,GENERALI,ΖΩΗΣ,NA,10/05/2017,10/06/2017,NA,17.81,14.23,2.51,NA
11537659,GENERALI,ΖΩΗΣ,NA,16/07/2017,16/08/2017,NA,35.12,28.18,6.38,NA
11499425,GENERALI,ΖΩΗΣ,NA,10/07/2017,10/08/2017,NA,17.81,14.23,2.51,NA
11508478,GENERALI,ΖΩΗΣ,NA,06/04/2017,06/05/2017,NA,19.44,15.53,2.74,NA
11588368,GENERALI,ΖΩΗΣ,NA,05/11/2017,05/12/2017,NA,18.22,14.56,2.58,NA
11588368,GENERALI,ΖΩΗΣ,NA,05/12/2017,05/01/2018,NA,18.22,14.56,2.58,NA
